subject,response_format,word_order,condition_code,n_cat_trials,median_rt_ms,mean_rt_ms,min_rt_ms,frac_under_1s,lavender_trials,att_pass,flag_explicit_id,flag_no_attention,flag_fast,reject_reasons,decision
P0011,multi_select,random,ms_random,20,4598.5,5575,3220,0,1,TRUE,FALSE,FALSE,FALSE,,PAY
P0014,forced_choice,semantic_blocked,fc_blocked,20,2563,2934,1462,0,1,TRUE,FALSE,FALSE,FALSE,,PAY
P0019,forced_choice,semantic_blocked,fc_blocked,20,1610.5,5180,1312,0,1,TRUE,FALSE,FALSE,FALSE,,PAY
P0022,multi_select,random,ms_random,20,2178,2681,1199,0,1,TRUE,FALSE,FALSE,FALSE,,PAY
P0026,multi_select,semantic_blocked,ms_blocked,20,3630,4361,2230,0,1,TRUE,FALSE,FALSE,FALSE,,PAY
P0031,multi_select,semantic_blocked,ms_blocked,20,9333,10361,4407,0,1,TRUE,FALSE,FALSE,FALSE,,PAY
P0043,multi_select,random,ms_random,20,5832.5,6017,3477,0,1,TRUE,FALSE,FALSE,FALSE,,PAY
P0045,forced_choice,semantic_blocked,fc_blocked,20,8215,9706,5524,0,1,TRUE,FALSE,FALSE,FALSE,,PAY
P0050,multi_select,random,ms_random,20,13340.5,14822,7127,0,1,TRUE,FALSE,FALSE,FALSE,,PAY
P0057,forced_choice,random,fc_random,20,7488,7779,4517,0,1,TRUE,FALSE,FALSE,FALSE,,PAY
P0062,multi_select,random,ms_random,20,7770.5,8656,3771,0,1,TRUE,FALSE,FALSE,FALSE,,PAY
P0069,forced_choice,semantic_blocked,fc_blocked,20,2114,2378,1294,0,1,TRUE,FALSE,FALSE,FALSE,,PAY
P0070,multi_select,semantic_blocked,ms_blocked,20,3466.5,3737,2343,0,1,TRUE,FALSE,FALSE,FALSE,,PAY
P0076,multi_select,semantic_blocked,ms_blocked,20,3404,3910,2485,0,1,TRUE,FALSE,FALSE,FALSE,,PAY
P0077,multi_select,random,ms_random,20,3081.5,3699,1797,0,1,TRUE,FALSE,FALSE,FALSE,,PAY
P0078,forced_choice,random,fc_random,20,4521.5,5170,3037,0,1,TRUE,FALSE,FALSE,FALSE,,PAY
P0083,forced_choice,semantic_blocked,fc_blocked,20,5013,5766,2319,0,1,TRUE,FALSE,FALSE,FALSE,,PAY
P0086,multi_select,semantic_blocked,ms_blocked,20,3150.5,3327,1745,0,1,TRUE,FALSE,FALSE,FALSE,,PAY
P0087,forced_choice,random,fc_random,20,2695.5,3437,1591,0,1,TRUE,FALSE,FALSE,FALSE,,PAY
P0090,forced_choice,semantic_blocked,fc_blocked,20,3610.5,4422,2392,0,1,TRUE,FALSE,FALSE,FALSE,,PAY
P0101,multi_select,random,ms_random,20,7885,8719,4032,0,1,TRUE,FALSE,FALSE,FALSE,,PAY
P0104,multi_select,random,ms_random,20,5851.5,6224,3063,0,1,TRUE,FALSE,FALSE,FALSE,,PAY
P0109,forced_choice,semantic_blocked,fc_blocked,20,4760,5072,3198,0,1,TRUE,FALSE,FALSE,FALSE,,PAY
P0121,forced_choice,semantic_blocked,fc_blocked,20,4065,5312,2889,0,1,TRUE,FALSE,FALSE,FALSE,,PAY
P0132,multi_select,random,ms_random,20,4763.5,5803,2444,0,1,TRUE,FALSE,FALSE,FALSE,,PAY
P0133,multi_select,random,ms_random,20,6845,8778,4002,0,1,TRUE,FALSE,FALSE,FALSE,,PAY
P0134,multi_select,random,ms_random,20,4693,5023,3334,0,1,TRUE,FALSE,FALSE,FALSE,,PAY
P0135,forced_choice,random,fc_random,20,8400,8635,3508,0,1,TRUE,FALSE,FALSE,FALSE,,PAY
P0138,multi_select,random,ms_random,20,4458,4554,3232,0,1,TRUE,FALSE,FALSE,FALSE,,PAY
P0139,forced_choice,semantic_blocked,fc_blocked,20,4724.5,5232,2606,0,1,TRUE,FALSE,FALSE,FALSE,,PAY
P0143,multi_select,random,ms_random,20,3864.5,5116,1844,0,1,TRUE,FALSE,FALSE,FALSE,,PAY
P0147,forced_choice,random,fc_random,20,3798.5,4960,2501,0,1,TRUE,FALSE,FALSE,FALSE,,PAY
P0148,multi_select,semantic_blocked,ms_blocked,20,4726.5,5091,2614,0,1,TRUE,FALSE,FALSE,FALSE,,PAY
P0150,multi_select,random,ms_random,20,5171,4963,3137,0,1,TRUE,FALSE,FALSE,FALSE,,PAY
P0157,multi_select,semantic_blocked,ms_blocked,20,5989.5,6264,2931,0,1,TRUE,FALSE,FALSE,FALSE,,PAY
P0165,forced_choice,semantic_blocked,fc_blocked,20,3222.5,3993,1973,0,1,TRUE,FALSE,FALSE,FALSE,,PAY
P0188,forced_choice,random,fc_random,19,4015,5132,2776,0,1,TRUE,FALSE,FALSE,FALSE,,PAY
P0195,multi_select,random,ms_random,20,7224,7189,3517,0,1,TRUE,FALSE,FALSE,FALSE,,PAY
P0197,forced_choice,semantic_blocked,fc_blocked,20,7684,7943,2790,0,1,TRUE,FALSE,FALSE,FALSE,,PAY
P0198,multi_select,semantic_blocked,ms_blocked,20,4770.5,4787,3466,0,1,TRUE,FALSE,FALSE,FALSE,,PAY
P0210,multi_select,random,ms_random,20,2905.5,3407,1848,0,1,TRUE,FALSE,FALSE,FALSE,,PAY
P0220,forced_choice,random,fc_random,20,3535,3935,2229,0,1,TRUE,FALSE,FALSE,FALSE,,PAY
P0236,forced_choice,random,fc_random,20,3173.5,3498,1924,0,1,TRUE,FALSE,FALSE,FALSE,,PAY
P0244,multi_select,random,ms_random,20,4160.5,4635,1743,0,1,TRUE,FALSE,FALSE,FALSE,,PAY
P0246,forced_choice,semantic_blocked,fc_blocked,20,4397.5,5178,2764,0,1,TRUE,FALSE,FALSE,FALSE,,PAY
P0252,forced_choice,semantic_blocked,fc_blocked,20,4074,4380,2899,0,1,TRUE,FALSE,FALSE,FALSE,,PAY
P0255,multi_select,random,ms_random,20,14628,19219,7643,0,1,TRUE,FALSE,FALSE,FALSE,,PAY
P0257,multi_select,semantic_blocked,ms_blocked,20,6196,6265,3202,0,1,TRUE,FALSE,FALSE,FALSE,,PAY
P0265,forced_choice,semantic_blocked,fc_blocked,20,2971,3623,1873,0,1,TRUE,FALSE,FALSE,FALSE,,PAY
P0268,multi_select,random,ms_random,20,6714.5,7934,4582,0,1,TRUE,FALSE,FALSE,FALSE,,PAY
P0270,forced_choice,semantic_blocked,fc_blocked,20,3476.5,3908,1703,0,1,TRUE,FALSE,FALSE,FALSE,,PAY
P0271,forced_choice,random,fc_random,20,2380.5,3103,1507,0,1,TRUE,FALSE,FALSE,FALSE,,PAY
P0273,multi_select,random,ms_random,20,3026.5,3478,2259,0,1,TRUE,FALSE,FALSE,FALSE,,PAY
P0276,multi_select,semantic_blocked,ms_blocked,20,2140.5,2648,1044,0,1,TRUE,FALSE,FALSE,FALSE,,PAY
P0281,forced_choice,random,fc_random,20,3472,4574,2247,0,1,TRUE,FALSE,FALSE,FALSE,,PAY
P0282,multi_select,random,ms_random,20,4084.5,4594,2972,0,1,TRUE,FALSE,FALSE,FALSE,,PAY
P0290,forced_choice,random,fc_random,20,5617,5892,3665,0,1,TRUE,FALSE,FALSE,FALSE,,PAY
P0293,multi_select,random,ms_random,20,5712,6857,3625,0,1,TRUE,FALSE,FALSE,FALSE,,PAY
P0296,forced_choice,random,fc_random,20,7106,8701,4103,0,1,TRUE,FALSE,FALSE,FALSE,,PAY
P0297,multi_select,random,ms_random,20,7829.5,7739,3160,0,1,TRUE,FALSE,FALSE,FALSE,,PAY
P0300,forced_choice,semantic_blocked,fc_blocked,20,5309.5,7198,3365,0,1,TRUE,FALSE,FALSE,FALSE,,PAY
P0315,forced_choice,random,fc_random,20,4850.5,5489,3963,0,1,TRUE,FALSE,FALSE,FALSE,,PAY
P0318,forced_choice,random,fc_random,20,5021,5508,2715,0,1,TRUE,FALSE,FALSE,FALSE,,PAY
P0322,multi_select,semantic_blocked,ms_blocked,20,8399.5,8762,4759,0,1,TRUE,FALSE,FALSE,FALSE,,PAY
P0336,forced_choice,semantic_blocked,fc_blocked,20,6073.5,5991,2963,0,1,TRUE,FALSE,FALSE,FALSE,,PAY
P0340,forced_choice,random,fc_random,20,4171.5,15381,2142,0,1,TRUE,FALSE,FALSE,FALSE,,PAY
P0346,forced_choice,random,fc_random,20,4313,5245,2926,0,1,TRUE,FALSE,FALSE,FALSE,,PAY
P0361,forced_choice,random,fc_random,20,4042.5,4872,2269,0,1,TRUE,FALSE,FALSE,FALSE,,PAY
P0364,multi_select,random,ms_random,20,4154.5,4217,2133,0,1,TRUE,FALSE,FALSE,FALSE,,PAY
P0369,forced_choice,semantic_blocked,fc_blocked,20,4390,5912,2862,0,1,TRUE,FALSE,FALSE,FALSE,,PAY
P0379,forced_choice,random,fc_random,20,4773.5,5361,3004,0,1,TRUE,FALSE,FALSE,FALSE,,PAY
P0380,forced_choice,semantic_blocked,fc_blocked,20,5192,6219,2452,0,1,TRUE,FALSE,FALSE,FALSE,,PAY
P0385,forced_choice,random,fc_random,20,4358.5,5137,2221,0,1,TRUE,FALSE,FALSE,FALSE,,PAY
P0390,forced_choice,random,fc_random,20,3859,4491,2623,0,1,TRUE,FALSE,FALSE,FALSE,,PAY
P0396,forced_choice,random,fc_random,20,3791,4075,1463,0,1,TRUE,FALSE,FALSE,FALSE,,PAY
P0400,multi_select,semantic_blocked,ms_blocked,20,3881,4702,2667,0,1,TRUE,FALSE,FALSE,FALSE,,PAY
P0410,multi_select,semantic_blocked,ms_blocked,20,3319,15626,2044,0,1,TRUE,FALSE,FALSE,FALSE,,PAY
P0421,multi_select,semantic_blocked,ms_blocked,20,7719.5,10405,3403,0,1,TRUE,FALSE,FALSE,FALSE,,PAY
P0422,forced_choice,semantic_blocked,fc_blocked,20,3538,3658,2431,0,1,TRUE,FALSE,FALSE,FALSE,,PAY
P0427,forced_choice,random,fc_random,20,5506,6922,4019,0,1,TRUE,FALSE,FALSE,FALSE,,PAY
P0441,forced_choice,random,fc_random,20,3794,6824,1992,0,1,TRUE,FALSE,FALSE,FALSE,,PAY
P0452,multi_select,semantic_blocked,ms_blocked,20,5070,5869,2906,0,1,TRUE,FALSE,FALSE,FALSE,,PAY
P0453,forced_choice,semantic_blocked,fc_blocked,20,4627.5,5312,2610,0,1,TRUE,FALSE,FALSE,FALSE,,PAY
P0465,multi_select,random,ms_random,20,4006,4496,2297,0,1,TRUE,FALSE,FALSE,FALSE,,PAY
P0468,multi_select,random,ms_random,20,6559.5,7188,3852,0,1,TRUE,FALSE,FALSE,FALSE,,PAY
P0477,multi_select,semantic_blocked,ms_blocked,20,3505.5,3918,1971,0,1,TRUE,FALSE,FALSE,FALSE,,PAY
P0499,forced_choice,semantic_blocked,fc_blocked,20,4051,4374,2595,0,1,TRUE,FALSE,FALSE,FALSE,,PAY
P0512,multi_select,random,ms_random,20,6900.5,7731,4005,0,1,TRUE,FALSE,FALSE,FALSE,,PAY
P0513,forced_choice,random,fc_random,20,4278.5,5673,1966,0,1,TRUE,FALSE,FALSE,FALSE,,PAY
P0521,forced_choice,random,fc_random,20,2570,3610,1752,0,1,TRUE,FALSE,FALSE,FALSE,,PAY
P0534,multi_select,random,ms_random,20,3046,3395,2175,0,1,TRUE,FALSE,FALSE,FALSE,,PAY
P0548,forced_choice,random,fc_random,20,6657.5,7425,3567,0,1,TRUE,FALSE,FALSE,FALSE,,PAY
P0549,multi_select,semantic_blocked,ms_blocked,20,6906,8036,4713,0,1,TRUE,FALSE,FALSE,FALSE,,PAY
P0577,multi_select,random,ms_random,20,5128.5,5773,2693,0,1,TRUE,FALSE,FALSE,FALSE,,PAY
P0594,forced_choice,semantic_blocked,fc_blocked,20,3926,4553,2664,0,1,TRUE,FALSE,FALSE,FALSE,,PAY
P0598,multi_select,random,ms_random,20,4275,5520,2872,0,1,TRUE,FALSE,FALSE,FALSE,,PAY
P0602,multi_select,semantic_blocked,ms_blocked,20,5394,5823,3165,0,1,TRUE,FALSE,FALSE,FALSE,,PAY
P0617,multi_select,semantic_blocked,ms_blocked,20,3156,3971,2143,0,1,TRUE,FALSE,FALSE,FALSE,,PAY
P0621,forced_choice,semantic_blocked,fc_blocked,20,3140.5,3937,1432,0,1,TRUE,FALSE,FALSE,FALSE,,PAY
P0634,multi_select,random,ms_random,20,9098.5,10540,6733,0,1,TRUE,FALSE,FALSE,FALSE,,PAY
P0643,forced_choice,random,fc_random,13,5560,7159,3079,0,1,TRUE,FALSE,FALSE,FALSE,,PAY
P0655,multi_select,random,ms_random,20,5598.5,6214,2595,0,1,TRUE,FALSE,FALSE,FALSE,,PAY
P0664,multi_select,semantic_blocked,ms_blocked,20,3326.5,3564,2114,0,1,TRUE,FALSE,FALSE,FALSE,,PAY
P0666,forced_choice,semantic_blocked,fc_blocked,20,2643.5,3171,1784,0,1,TRUE,FALSE,FALSE,FALSE,,PAY
P0679,forced_choice,random,fc_random,20,7731.5,8087,1949,0,1,TRUE,FALSE,FALSE,FALSE,,PAY
P0682,multi_select,random,ms_random,20,4132,4894,2143,0,1,TRUE,FALSE,FALSE,FALSE,,PAY
P0691,multi_select,random,ms_random,20,6233,7683,3058,0,1,TRUE,FALSE,FALSE,FALSE,,PAY
P0702,forced_choice,semantic_blocked,fc_blocked,20,4113,5176,1759,0,1,TRUE,FALSE,FALSE,FALSE,,PAY
P0704,forced_choice,semantic_blocked,fc_blocked,20,2631.5,3690,1631,0,1,TRUE,FALSE,FALSE,FALSE,,PAY
P0712,forced_choice,random,fc_random,20,3449.5,5362,2222,0,1,TRUE,FALSE,FALSE,FALSE,,PAY
P0715,forced_choice,random,fc_random,20,4296,4633,2672,0,1,TRUE,FALSE,FALSE,FALSE,,PAY
P0718,multi_select,semantic_blocked,ms_blocked,20,7659.5,8377,5258,0,1,TRUE,FALSE,FALSE,FALSE,,PAY
P0720,multi_select,random,ms_random,14,14630.5,19500,4328,0,1,TRUE,FALSE,FALSE,FALSE,,PAY
P0721,forced_choice,random,fc_random,20,3532,3602,1601,0,1,TRUE,FALSE,FALSE,FALSE,,PAY
P0742,forced_choice,semantic_blocked,fc_blocked,20,3149,3897,1897,0,1,TRUE,FALSE,FALSE,FALSE,,PAY
P0743,multi_select,random,ms_random,20,4709,5109,2621,0,1,TRUE,FALSE,FALSE,FALSE,,PAY
P0750,forced_choice,semantic_blocked,fc_blocked,20,5237.5,6117,3798,0,1,TRUE,FALSE,FALSE,FALSE,,PAY
P0751,multi_select,semantic_blocked,ms_blocked,20,2944,3125,2089,0,1,TRUE,FALSE,FALSE,FALSE,,PAY
P0753,forced_choice,random,fc_random,20,2235.5,2864,1337,0,1,TRUE,FALSE,FALSE,FALSE,,PAY
P0755,multi_select,semantic_blocked,ms_blocked,20,5060.5,5535,2772,0,1,TRUE,FALSE,FALSE,FALSE,,PAY
P0768,multi_select,random,ms_random,20,5333.5,5912,3898,0,1,TRUE,FALSE,FALSE,FALSE,,PAY
P0770,forced_choice,semantic_blocked,fc_blocked,20,4207,5006,2838,0,1,TRUE,FALSE,FALSE,FALSE,,PAY
P0772,multi_select,random,ms_random,20,6472.5,7908,2940,0,1,TRUE,FALSE,FALSE,FALSE,,PAY
P0775,forced_choice,random,fc_random,20,5185,5989,3317,0,1,TRUE,FALSE,FALSE,FALSE,,PAY
P0783,forced_choice,semantic_blocked,fc_blocked,20,6645.5,8327,2991,0,1,TRUE,FALSE,FALSE,FALSE,,PAY
P0790,forced_choice,random,fc_random,20,4987,4953,1872,0,1,TRUE,FALSE,FALSE,FALSE,,PAY
P0798,multi_select,semantic_blocked,ms_blocked,20,9276.5,11037,3796,0,1,TRUE,FALSE,FALSE,FALSE,,PAY
P0800,forced_choice,semantic_blocked,fc_blocked,20,2960,3498,1935,0,1,TRUE,FALSE,FALSE,FALSE,,PAY
P0803,forced_choice,semantic_blocked,fc_blocked,20,5227,5570,3088,0,1,TRUE,FALSE,FALSE,FALSE,,PAY
P0805,multi_select,semantic_blocked,ms_blocked,20,3652.5,4160,2272,0,1,TRUE,FALSE,FALSE,FALSE,,PAY
P0812,forced_choice,random,fc_random,20,3359.5,3381,1157,0,1,TRUE,FALSE,FALSE,FALSE,,PAY
P0817,multi_select,random,ms_random,20,6060,6370,2032,0,1,TRUE,FALSE,FALSE,FALSE,,PAY
P0822,multi_select,random,ms_random,20,3989,6496,2000,0,1,TRUE,FALSE,FALSE,FALSE,,PAY
P0825,multi_select,semantic_blocked,ms_blocked,20,4773.5,5113,2871,0,1,TRUE,FALSE,FALSE,FALSE,,PAY
P0828,multi_select,semantic_blocked,ms_blocked,20,3597.5,3806,2069,0,1,TRUE,FALSE,FALSE,FALSE,,PAY
P0829,multi_select,semantic_blocked,ms_blocked,20,4782,5363,3312,0,1,TRUE,FALSE,FALSE,FALSE,,PAY
P0831,forced_choice,semantic_blocked,fc_blocked,20,3026.5,3836,1227,0,1,TRUE,FALSE,FALSE,FALSE,,PAY
P0834,multi_select,random,ms_random,20,5101,5354,2986,0,1,TRUE,FALSE,FALSE,FALSE,,PAY
P0835,multi_select,semantic_blocked,ms_blocked,20,8087,8228,3673,0,1,TRUE,FALSE,FALSE,FALSE,,PAY
P0837,multi_select,random,ms_random,20,6159.5,6545,3996,0,1,TRUE,FALSE,FALSE,FALSE,,PAY
P0843,forced_choice,semantic_blocked,fc_blocked,20,4063.5,5039,3145,0,1,TRUE,FALSE,FALSE,FALSE,,PAY
P0845,forced_choice,random,fc_random,20,3912.5,5098,2888,0,1,TRUE,FALSE,FALSE,FALSE,,PAY
P0853,forced_choice,semantic_blocked,fc_blocked,20,3285,3781,2084,0,1,TRUE,FALSE,FALSE,FALSE,,PAY
P0856,multi_select,random,ms_random,20,6975,7623,3124,0,1,TRUE,FALSE,FALSE,FALSE,,PAY
P0863,forced_choice,semantic_blocked,fc_blocked,20,2929.5,3754,1662,0,1,TRUE,FALSE,FALSE,FALSE,,PAY
P0869,multi_select,semantic_blocked,ms_blocked,20,5033.5,5709,2478,0,1,TRUE,FALSE,FALSE,FALSE,,PAY
P0870,multi_select,random,ms_random,20,3779,5998,1663,0,1,TRUE,FALSE,FALSE,FALSE,,PAY
P0875,multi_select,semantic_blocked,ms_blocked,20,20616.5,25038,7249,0,1,TRUE,FALSE,FALSE,FALSE,,PAY
P0881,multi_select,random,ms_random,20,16795,19784,12719,0,1,TRUE,FALSE,FALSE,FALSE,,PAY
P0883,forced_choice,semantic_blocked,fc_blocked,20,3974.5,4209,2209,0,1,TRUE,FALSE,FALSE,FALSE,,PAY
P0891,forced_choice,semantic_blocked,fc_blocked,20,3099.5,4026,1659,0,1,TRUE,FALSE,FALSE,FALSE,,PAY
P0906,forced_choice,semantic_blocked,fc_blocked,20,5499,6340,3288,0,1,TRUE,FALSE,FALSE,FALSE,,PAY
P0915,multi_select,semantic_blocked,ms_blocked,20,6744,7188,5203,0,1,TRUE,FALSE,FALSE,FALSE,,PAY
P0917,forced_choice,semantic_blocked,fc_blocked,20,3644.5,3766,2141,0,1,TRUE,FALSE,FALSE,FALSE,,PAY
P0919,multi_select,semantic_blocked,ms_blocked,20,10870,11541,4719,0,1,TRUE,FALSE,FALSE,FALSE,,PAY
P0920,multi_select,random,ms_random,20,3630,4234,2365,0,1,TRUE,FALSE,FALSE,FALSE,,PAY
P0921,forced_choice,random,fc_random,20,3639.5,4655,2792,0,1,TRUE,FALSE,FALSE,FALSE,,PAY
P0927,forced_choice,semantic_blocked,fc_blocked,20,5509.5,8265,3280,0,1,TRUE,FALSE,FALSE,FALSE,,PAY
P0933,forced_choice,random,fc_random,20,6371,7402,4741,0,1,TRUE,FALSE,FALSE,FALSE,,PAY
P0936,multi_select,random,ms_random,20,5260.5,5325,2548,0,1,TRUE,FALSE,FALSE,FALSE,,PAY
P0946,multi_select,semantic_blocked,ms_blocked,20,5294,5262,2524,0,1,TRUE,FALSE,FALSE,FALSE,,PAY
P0955,forced_choice,random,fc_random,20,5754.5,6268,3782,0,1,TRUE,FALSE,FALSE,FALSE,,PAY
P0964,multi_select,random,ms_random,20,2943,3267,2121,0,1,TRUE,FALSE,FALSE,FALSE,,PAY
P0967,multi_select,semantic_blocked,ms_blocked,20,3198.5,3876,2243,0,1,TRUE,FALSE,FALSE,FALSE,,PAY
P0995,multi_select,random,ms_random,20,5168,5362,2266,0,1,TRUE,FALSE,FALSE,FALSE,,PAY
P0997,multi_select,semantic_blocked,ms_blocked,20,4298,4710,2516,0,1,TRUE,FALSE,FALSE,FALSE,,PAY
P1000,multi_select,random,ms_random,20,3880,4692,2224,0,1,TRUE,FALSE,FALSE,FALSE,,PAY
P1002,forced_choice,semantic_blocked,fc_blocked,20,3933.5,4162,2754,0,1,TRUE,FALSE,FALSE,FALSE,,PAY
P1003,multi_select,semantic_blocked,ms_blocked,20,3880,4189,1940,0,1,TRUE,FALSE,FALSE,FALSE,,PAY
P1030,multi_select,semantic_blocked,ms_blocked,20,5169.5,6123,3377,0,1,TRUE,FALSE,FALSE,FALSE,,PAY
P1031,multi_select,semantic_blocked,ms_blocked,20,4215,4615,1543,0,1,TRUE,FALSE,FALSE,FALSE,,PAY
P1035,forced_choice,semantic_blocked,fc_blocked,20,4227,4782,1626,0,1,TRUE,FALSE,FALSE,FALSE,,PAY
P1037,multi_select,semantic_blocked,ms_blocked,20,5236.5,6094,2973,0,1,TRUE,FALSE,FALSE,FALSE,,PAY
P1039,multi_select,random,ms_random,20,2674,3814,1700,0,1,TRUE,FALSE,FALSE,FALSE,,PAY
P1042,multi_select,random,ms_random,20,5846,6369,2991,0,1,TRUE,FALSE,FALSE,FALSE,,PAY
P1061,multi_select,random,ms_random,20,6871.5,8778,3816,0,1,TRUE,FALSE,FALSE,FALSE,,PAY
P1066,forced_choice,random,fc_random,20,5714,6288,3230,0,1,TRUE,FALSE,FALSE,FALSE,,PAY
P1090,forced_choice,semantic_blocked,fc_blocked,20,3999,4620,2715,0,1,TRUE,FALSE,FALSE,FALSE,,PAY
P1106,forced_choice,random,fc_random,20,3179,4018,2111,0,1,TRUE,FALSE,FALSE,FALSE,,PAY
P1108,multi_select,random,ms_random,20,3563,3933,2355,0,1,TRUE,FALSE,FALSE,FALSE,,PAY
P1113,multi_select,random,ms_random,20,6878.5,8868,4199,0,1,TRUE,FALSE,FALSE,FALSE,,PAY
P1115,multi_select,random,ms_random,20,3917,3858,2427,0,1,TRUE,FALSE,FALSE,FALSE,,PAY
P1123,multi_select,random,ms_random,20,5966.5,6549,3304,0,1,TRUE,FALSE,FALSE,FALSE,,PAY
P1125,forced_choice,semantic_blocked,fc_blocked,20,4651,5259,1953,0,1,TRUE,FALSE,FALSE,FALSE,,PAY
P1127,forced_choice,random,fc_random,19,5752,6600,2803,0,1,TRUE,FALSE,FALSE,FALSE,,PAY
P1129,multi_select,random,ms_random,20,4782.5,5796,3443,0,1,TRUE,FALSE,FALSE,FALSE,,PAY
P1131,forced_choice,semantic_blocked,fc_blocked,20,3517.5,4231,2366,0,1,TRUE,FALSE,FALSE,FALSE,,PAY
P1133,forced_choice,semantic_blocked,fc_blocked,20,2982.5,3661,2019,0,1,TRUE,FALSE,FALSE,FALSE,,PAY
P1137,multi_select,random,ms_random,20,8783,9818,5341,0,1,TRUE,FALSE,FALSE,FALSE,,PAY
P1139,forced_choice,random,fc_random,20,5586,6225,2103,0,1,TRUE,FALSE,FALSE,FALSE,,PAY
P1142,multi_select,random,ms_random,20,8445.5,17905,3079,0,1,TRUE,FALSE,FALSE,FALSE,,PAY
P1146,forced_choice,random,fc_random,20,5082.5,6931,3006,0,1,TRUE,FALSE,FALSE,FALSE,,PAY
P1149,forced_choice,semantic_blocked,fc_blocked,20,4571.5,7157,2522,0,1,TRUE,FALSE,FALSE,FALSE,,PAY
P1150,multi_select,semantic_blocked,ms_blocked,20,5567,6456,2555,0,1,TRUE,FALSE,FALSE,FALSE,,PAY
P1151,forced_choice,random,fc_random,20,5035,5585,3517,0,1,TRUE,FALSE,FALSE,FALSE,,PAY
P1155,multi_select,random,ms_random,20,6850.5,7216,2590,0,1,TRUE,FALSE,FALSE,FALSE,,PAY
P1156,forced_choice,semantic_blocked,fc_blocked,20,3168,3536,1562,0,1,TRUE,FALSE,FALSE,FALSE,,PAY
P1157,multi_select,semantic_blocked,ms_blocked,20,4516.5,5194,2563,0,1,TRUE,FALSE,FALSE,FALSE,,PAY
P1162,forced_choice,random,fc_random,20,3034.5,3626,2024,0,1,TRUE,FALSE,FALSE,FALSE,,PAY
P1164,multi_select,semantic_blocked,ms_blocked,20,6371,6857,3294,0,1,TRUE,FALSE,FALSE,FALSE,,PAY
P1176,forced_choice,random,fc_random,20,8192,9249,4465,0,1,TRUE,FALSE,FALSE,FALSE,,PAY
P1187,multi_select,semantic_blocked,ms_blocked,20,2149.5,3964,1143,0,1,TRUE,FALSE,FALSE,FALSE,,PAY
P1188,multi_select,semantic_blocked,ms_blocked,20,5219,5433,2898,0,1,TRUE,FALSE,FALSE,FALSE,,PAY
P1189,multi_select,semantic_blocked,ms_blocked,20,4032,4040,2714,0,1,TRUE,FALSE,FALSE,FALSE,,PAY
P1192,forced_choice,random,fc_random,20,5432,5767,2472,0,1,TRUE,FALSE,FALSE,FALSE,,PAY
P1198,multi_select,random,ms_random,20,5217.5,6100,2885,0,1,TRUE,FALSE,FALSE,FALSE,,PAY
P1200,multi_select,random,ms_random,20,3891,6992,1903,0,1,TRUE,FALSE,FALSE,FALSE,,PAY
P1201,multi_select,random,ms_random,20,3951,4601,2078,0,1,TRUE,FALSE,FALSE,FALSE,,PAY
P1202,forced_choice,random,fc_random,20,7259.5,7810,3902,0,1,TRUE,FALSE,FALSE,FALSE,,PAY
P1204,multi_select,random,ms_random,20,5525.5,6244,3435,0,1,TRUE,FALSE,FALSE,FALSE,,PAY
P1207,forced_choice,random,fc_random,20,4303.5,4950,2677,0,1,TRUE,FALSE,FALSE,FALSE,,PAY
P1212,forced_choice,semantic_blocked,fc_blocked,20,5933,5931,3216,0,1,TRUE,FALSE,FALSE,FALSE,,PAY
P1221,multi_select,random,ms_random,20,7389,10375,3063,0,1,TRUE,FALSE,FALSE,FALSE,,PAY
P1222,multi_select,semantic_blocked,ms_blocked,20,5159.5,5484,2839,0,1,TRUE,FALSE,FALSE,FALSE,,PAY
P1231,multi_select,random,ms_random,20,4031,4904,3181,0,1,TRUE,FALSE,FALSE,FALSE,,PAY
P1232,multi_select,semantic_blocked,ms_blocked,20,4049.5,4624,2720,0,1,TRUE,FALSE,FALSE,FALSE,,PAY
P1235,forced_choice,random,fc_random,20,3603,4330,1936,0,1,TRUE,FALSE,FALSE,FALSE,,PAY
P1238,forced_choice,random,fc_random,20,4128,5361,2256,0,1,TRUE,FALSE,FALSE,FALSE,,PAY
P1246,forced_choice,random,fc_random,20,8126.5,10097,4228,0,1,TRUE,FALSE,FALSE,FALSE,,PAY
P1247,forced_choice,random,fc_random,20,3542,4412,2207,0,1,TRUE,FALSE,FALSE,FALSE,,PAY
P1249,forced_choice,semantic_blocked,fc_blocked,20,3668,3899,2754,0,1,TRUE,FALSE,FALSE,FALSE,,PAY
P1250,forced_choice,semantic_blocked,fc_blocked,20,3618,5346,2047,0,1,TRUE,FALSE,FALSE,FALSE,,PAY
P1258,forced_choice,random,fc_random,20,2693,3080,1929,0,1,TRUE,FALSE,FALSE,FALSE,,PAY
P1259,multi_select,random,ms_random,20,3580,3949,1898,0,1,TRUE,FALSE,FALSE,FALSE,,PAY
P1263,forced_choice,random,fc_random,20,3067.5,3703,1798,0,1,TRUE,FALSE,FALSE,FALSE,,PAY
P1264,forced_choice,semantic_blocked,fc_blocked,20,4889,5059,3211,0,1,TRUE,FALSE,FALSE,FALSE,,PAY
P1267,multi_select,random,ms_random,20,3433.5,3708,1766,0,1,TRUE,FALSE,FALSE,FALSE,,PAY
P1270,forced_choice,semantic_blocked,fc_blocked,20,4790.5,5080,3065,0,1,TRUE,FALSE,FALSE,FALSE,,PAY
P1296,multi_select,random,ms_random,20,9205,9864,4705,0,1,TRUE,FALSE,FALSE,FALSE,,PAY
P1306,forced_choice,random,fc_random,20,4273,4488,2133,0,1,TRUE,FALSE,FALSE,FALSE,,PAY
P1354,forced_choice,random,fc_random,20,2909.5,4158,2005,0,1,TRUE,FALSE,FALSE,FALSE,,PAY
P1386,multi_select,random,ms_random,20,6196.5,6937,3801,0,1,TRUE,FALSE,FALSE,FALSE,,PAY
P1400,forced_choice,random,fc_random,20,9296,10965,5183,0,1,TRUE,FALSE,FALSE,FALSE,,PAY
P1401,forced_choice,random,fc_random,20,5398,5570,3175,0,1,TRUE,FALSE,FALSE,FALSE,,PAY
P1491,forced_choice,random,fc_random,20,5762,6143,3098,0,1,TRUE,FALSE,FALSE,FALSE,,PAY
P1492,forced_choice,semantic_blocked,fc_blocked,20,5819,7025,2418,0,1,TRUE,FALSE,FALSE,FALSE,,PAY
P1496,multi_select,semantic_blocked,ms_blocked,20,4299.5,4804,2601,0,1,TRUE,FALSE,FALSE,FALSE,,PAY
P1499,multi_select,random,ms_random,20,3927.5,4259,2112,0,1,TRUE,FALSE,FALSE,FALSE,,PAY
P1501,forced_choice,random,fc_random,9,2883,3970,2028,0,1,TRUE,FALSE,FALSE,FALSE,,PAY
P1502,multi_select,semantic_blocked,ms_blocked,20,6793,7554,4262,0,1,TRUE,FALSE,FALSE,FALSE,,PAY
P1503,multi_select,random,ms_random,20,5331.5,6419,3314,0,1,TRUE,FALSE,FALSE,FALSE,,PAY
P1505,forced_choice,random,fc_random,20,4149,6790,2433,0,1,TRUE,FALSE,FALSE,FALSE,,PAY
P1506,multi_select,random,ms_random,20,8840,21283,4592,0,1,TRUE,FALSE,FALSE,FALSE,,PAY
P1508,forced_choice,semantic_blocked,fc_blocked,20,3732.5,4430,2114,0,1,TRUE,FALSE,FALSE,FALSE,,PAY
P1509,forced_choice,random,fc_random,20,5086,5418,2404,0,1,TRUE,FALSE,FALSE,FALSE,,PAY
P1511,multi_select,semantic_blocked,ms_blocked,20,5240.5,5952,2431,0,1,TRUE,FALSE,FALSE,FALSE,,PAY
P1512,forced_choice,random,fc_random,20,4546,5195,2964,0,1,TRUE,FALSE,FALSE,FALSE,,PAY
P1513,forced_choice,random,fc_random,20,4455.5,5148,2680,0,1,TRUE,FALSE,FALSE,FALSE,,PAY
P1514,forced_choice,semantic_blocked,fc_blocked,20,3532,4567,2078,0,1,TRUE,FALSE,FALSE,FALSE,,PAY
P1515,forced_choice,random,fc_random,20,3814.5,4076,1737,0,1,TRUE,FALSE,FALSE,FALSE,,PAY
P1516,forced_choice,semantic_blocked,fc_blocked,20,3108,4237,1996,0,1,TRUE,FALSE,FALSE,FALSE,,PAY
P1518,multi_select,random,ms_random,20,5791,5993,3796,0,1,TRUE,FALSE,FALSE,FALSE,,PAY
P1519,forced_choice,semantic_blocked,fc_blocked,20,6447,8642,4217,0,1,TRUE,FALSE,FALSE,FALSE,,PAY
P1522,multi_select,semantic_blocked,ms_blocked,20,3234.5,3502,1831,0,1,TRUE,FALSE,FALSE,FALSE,,PAY
P1523,multi_select,semantic_blocked,ms_blocked,20,4967,6170,3101,0,1,TRUE,FALSE,FALSE,FALSE,,PAY
P1524,forced_choice,semantic_blocked,fc_blocked,20,4133,4273,2385,0,1,TRUE,FALSE,FALSE,FALSE,,PAY
P1525,multi_select,semantic_blocked,ms_blocked,20,7582.5,7298,3291,0,1,TRUE,FALSE,FALSE,FALSE,,PAY
P1526,multi_select,semantic_blocked,ms_blocked,20,5458,5591,2104,0,1,TRUE,FALSE,FALSE,FALSE,,PAY
P1527,multi_select,random,ms_random,20,3648,3884,1981,0,1,TRUE,FALSE,FALSE,FALSE,,PAY
P1528,forced_choice,random,fc_random,20,5093,6109,2836,0,1,TRUE,FALSE,FALSE,FALSE,,PAY
P1529,forced_choice,random,fc_random,20,8226.5,10252,6530,0,1,TRUE,FALSE,FALSE,FALSE,,PAY
P1531,forced_choice,semantic_blocked,fc_blocked,20,3941.5,4341,2183,0,1,TRUE,FALSE,FALSE,FALSE,,PAY
P1532,multi_select,semantic_blocked,ms_blocked,20,5239.5,6503,3318,0,1,TRUE,FALSE,FALSE,FALSE,,PAY
P1533,multi_select,semantic_blocked,ms_blocked,20,3718.5,3842,1623,0,1,TRUE,FALSE,FALSE,FALSE,,PAY
P1534,forced_choice,semantic_blocked,fc_blocked,20,5805.5,6134,3794,0,1,TRUE,FALSE,FALSE,FALSE,,PAY
P1535,multi_select,random,ms_random,20,2626,3171,1703,0,1,TRUE,FALSE,FALSE,FALSE,,PAY
P1536,multi_select,random,ms_random,20,5809,6232,3456,0,1,TRUE,FALSE,FALSE,FALSE,,PAY
P1537,forced_choice,semantic_blocked,fc_blocked,20,3927,5367,1999,0,1,TRUE,FALSE,FALSE,FALSE,,PAY
P1541,multi_select,semantic_blocked,ms_blocked,20,6094,7010,4594,0,1,TRUE,FALSE,FALSE,FALSE,,PAY
P1542,forced_choice,semantic_blocked,fc_blocked,20,3868,4406,2744,0,1,TRUE,FALSE,FALSE,FALSE,,PAY
P1543,forced_choice,semantic_blocked,fc_blocked,20,3576,4064,1976,0,1,TRUE,FALSE,FALSE,FALSE,,PAY
P1544,forced_choice,random,fc_random,20,4424,7231,3144,0,1,TRUE,FALSE,FALSE,FALSE,,PAY
P1547,forced_choice,random,fc_random,20,5457,5636,2982,0,1,TRUE,FALSE,FALSE,FALSE,,PAY
P1550,forced_choice,semantic_blocked,fc_blocked,20,11514,12866,6105,0,1,TRUE,FALSE,FALSE,FALSE,,PAY
P1554,multi_select,random,ms_random,20,5970,7026,3549,0,1,TRUE,FALSE,FALSE,FALSE,,PAY
P1555,multi_select,random,ms_random,20,4163,5216,1590,0,1,TRUE,FALSE,FALSE,FALSE,,PAY
P1556,multi_select,random,ms_random,20,5310,6164,3437,0,1,TRUE,FALSE,FALSE,FALSE,,PAY
P1557,forced_choice,semantic_blocked,fc_blocked,20,3923.5,4520,2230,0,1,TRUE,FALSE,FALSE,FALSE,,PAY
P1559,forced_choice,random,fc_random,20,5177.5,6063,3658,0,1,TRUE,FALSE,FALSE,FALSE,,PAY
P1562,multi_select,semantic_blocked,ms_blocked,20,4330,4658,2505,0,1,TRUE,FALSE,FALSE,FALSE,,PAY
P1563,multi_select,semantic_blocked,ms_blocked,20,3039,3029,1544,0,1,TRUE,FALSE,FALSE,FALSE,,PAY
P1565,multi_select,semantic_blocked,ms_blocked,20,6398.5,7357,4015,0,1,TRUE,FALSE,FALSE,FALSE,,PAY
P1566,multi_select,semantic_blocked,ms_blocked,20,2648.5,11889,1432,0,1,TRUE,FALSE,FALSE,FALSE,,PAY
P1568,multi_select,random,ms_random,20,8792.5,10549,3250,0,1,TRUE,FALSE,FALSE,FALSE,,PAY
P1570,multi_select,random,ms_random,7,5897,6593,3592,0,1,TRUE,FALSE,FALSE,FALSE,,PAY
P1572,forced_choice,semantic_blocked,fc_blocked,20,2818.5,3291,1559,0,1,TRUE,FALSE,FALSE,FALSE,,PAY
P1573,forced_choice,semantic_blocked,fc_blocked,20,3837.5,3991,2503,0,1,TRUE,FALSE,FALSE,FALSE,,PAY
P1574,forced_choice,random,fc_random,20,5759,5985,3756,0,1,TRUE,FALSE,FALSE,FALSE,,PAY
P1575,multi_select,semantic_blocked,ms_blocked,20,3441.5,3354,1784,0,1,TRUE,FALSE,FALSE,FALSE,,PAY
P1576,forced_choice,random,fc_random,20,4174.5,4808,2136,0,1,TRUE,FALSE,FALSE,FALSE,,PAY
P1577,multi_select,semantic_blocked,ms_blocked,20,4337.5,5688,2590,0,1,TRUE,FALSE,FALSE,FALSE,,PAY
P1578,multi_select,semantic_blocked,ms_blocked,20,6310.5,7060,3287,0,1,TRUE,FALSE,FALSE,FALSE,,PAY
P1579,multi_select,semantic_blocked,ms_blocked,20,3771.5,4190,2270,0,1,TRUE,FALSE,FALSE,FALSE,,PAY
P1582,forced_choice,semantic_blocked,fc_blocked,20,2607,3122,1590,0,1,TRUE,FALSE,FALSE,FALSE,,PAY
P1583,multi_select,semantic_blocked,ms_blocked,20,6131,6447,2988,0,1,TRUE,FALSE,FALSE,FALSE,,PAY
P1585,multi_select,random,ms_random,20,5210,6971,3028,0,1,TRUE,FALSE,FALSE,FALSE,,PAY
P1586,forced_choice,semantic_blocked,fc_blocked,20,2492.5,2688,1345,0,1,TRUE,FALSE,FALSE,FALSE,,PAY
P1587,forced_choice,semantic_blocked,fc_blocked,20,6006.5,11452,3894,0,1,TRUE,FALSE,FALSE,FALSE,,PAY
P1590,forced_choice,semantic_blocked,fc_blocked,20,7948,11987,4303,0,1,TRUE,FALSE,FALSE,FALSE,,PAY
P1592,forced_choice,random,fc_random,20,5216.5,5313,3349,0,1,TRUE,FALSE,FALSE,FALSE,,PAY
P1594,forced_choice,random,fc_random,20,2895,3443,2031,0,1,TRUE,FALSE,FALSE,FALSE,,PAY
P1597,multi_select,semantic_blocked,ms_blocked,20,8342.5,11533,4173,0,1,TRUE,FALSE,FALSE,FALSE,,PAY
P1599,multi_select,random,ms_random,20,4354.5,4752,2441,0,1,TRUE,FALSE,FALSE,FALSE,,PAY
P1601,forced_choice,semantic_blocked,fc_blocked,20,8877.5,9549,3711,0,1,TRUE,FALSE,FALSE,FALSE,,PAY
P1602,multi_select,semantic_blocked,ms_blocked,20,4708,4968,2231,0,1,TRUE,FALSE,FALSE,FALSE,,PAY
P1603,forced_choice,semantic_blocked,fc_blocked,20,6705.5,7273,3741,0,1,TRUE,FALSE,FALSE,FALSE,,PAY
P1604,multi_select,semantic_blocked,ms_blocked,20,7649.5,8438,3566,0,1,TRUE,FALSE,FALSE,FALSE,,PAY
P1605,forced_choice,random,fc_random,20,6909,8349,3047,0,1,TRUE,FALSE,FALSE,FALSE,,PAY
P1606,forced_choice,semantic_blocked,fc_blocked,20,2688.5,3516,1559,0,1,TRUE,FALSE,FALSE,FALSE,,PAY
P1607,forced_choice,semantic_blocked,fc_blocked,20,3518,3973,1967,0,1,TRUE,FALSE,FALSE,FALSE,,PAY
P1610,forced_choice,random,fc_random,20,3967.5,4559,2082,0,1,TRUE,FALSE,FALSE,FALSE,,PAY
P1611,forced_choice,semantic_blocked,fc_blocked,20,3516.5,5289,1618,0,1,TRUE,FALSE,FALSE,FALSE,,PAY
P1612,multi_select,semantic_blocked,ms_blocked,20,5032,5372,2248,0,1,TRUE,FALSE,FALSE,FALSE,,PAY
P1615,multi_select,random,ms_random,20,5618,6115,2211,0,1,TRUE,FALSE,FALSE,FALSE,,PAY
P1616,multi_select,random,ms_random,20,5289.5,7395,2935,0,1,TRUE,FALSE,FALSE,FALSE,,PAY
P1618,forced_choice,semantic_blocked,fc_blocked,20,5181.5,6918,2956,0,1,TRUE,FALSE,FALSE,FALSE,,PAY
P1619,forced_choice,random,fc_random,20,4223.5,5370,2199,0,1,TRUE,FALSE,FALSE,FALSE,,PAY
P1620,forced_choice,semantic_blocked,fc_blocked,20,3631,3939,2480,0,1,TRUE,FALSE,FALSE,FALSE,,PAY
P1621,multi_select,random,ms_random,20,3582.5,5163,1823,0,1,TRUE,FALSE,FALSE,FALSE,,PAY
P1622,multi_select,semantic_blocked,ms_blocked,20,3700.5,3932,1930,0,1,TRUE,FALSE,FALSE,FALSE,,PAY
P1624,forced_choice,semantic_blocked,fc_blocked,20,6375,7027,4239,0,1,TRUE,FALSE,FALSE,FALSE,,PAY
P1625,forced_choice,random,fc_random,20,6873,7049,4000,0,1,TRUE,FALSE,FALSE,FALSE,,PAY
P1626,forced_choice,semantic_blocked,fc_blocked,20,5107.5,5977,2271,0,1,TRUE,FALSE,FALSE,FALSE,,PAY
P1627,multi_select,semantic_blocked,ms_blocked,20,4157.5,4488,3304,0,1,TRUE,FALSE,FALSE,FALSE,,PAY
P1630,multi_select,semantic_blocked,ms_blocked,20,4998.5,5601,2684,0,1,TRUE,FALSE,FALSE,FALSE,,PAY
P1632,forced_choice,random,fc_random,20,7523,9747,4541,0,1,TRUE,FALSE,FALSE,FALSE,,PAY
P1633,multi_select,semantic_blocked,ms_blocked,20,5752,5864,3877,0,1,TRUE,FALSE,FALSE,FALSE,,PAY
P1638,multi_select,semantic_blocked,ms_blocked,20,4432.5,5746,2669,0,1,TRUE,FALSE,FALSE,FALSE,,PAY
P1641,multi_select,random,ms_random,20,8912.5,8417,3536,0,1,TRUE,FALSE,FALSE,FALSE,,PAY
P1642,forced_choice,random,fc_random,20,4222.5,5134,2218,0,1,TRUE,FALSE,FALSE,FALSE,,PAY
P1644,forced_choice,random,fc_random,20,2227,2860,1263,0,1,TRUE,FALSE,FALSE,FALSE,,PAY
P1645,forced_choice,semantic_blocked,fc_blocked,20,5256,5866,3082,0,1,TRUE,FALSE,FALSE,FALSE,,PAY
P1646,forced_choice,random,fc_random,20,5151,6681,4094,0,1,TRUE,FALSE,FALSE,FALSE,,PAY
P1648,forced_choice,random,fc_random,20,2982.5,3594,1620,0,1,TRUE,FALSE,FALSE,FALSE,,PAY
P1649,multi_select,random,ms_random,20,3665.5,4056,2408,0,1,TRUE,FALSE,FALSE,FALSE,,PAY
P1650,forced_choice,random,fc_random,20,4934,6255,2521,0,1,TRUE,FALSE,FALSE,FALSE,,PAY
P1651,multi_select,random,ms_random,20,4200,5840,2606,0,1,TRUE,FALSE,FALSE,FALSE,,PAY
P1652,multi_select,random,ms_random,20,3975.5,6083,2399,0,1,TRUE,FALSE,FALSE,FALSE,,PAY
P1653,multi_select,semantic_blocked,ms_blocked,20,8445,9607,4350,0,1,TRUE,FALSE,FALSE,FALSE,,PAY
P1654,multi_select,random,ms_random,20,6310.5,6880,3486,0,1,TRUE,FALSE,FALSE,FALSE,,PAY
P1656,forced_choice,semantic_blocked,fc_blocked,20,4507.5,5358,3353,0,1,TRUE,FALSE,FALSE,FALSE,,PAY
P1657,forced_choice,semantic_blocked,fc_blocked,20,3429.5,3728,1437,0,1,TRUE,FALSE,FALSE,FALSE,,PAY
P1661,forced_choice,semantic_blocked,fc_blocked,20,34735.5,33694,26622,0,1,TRUE,FALSE,FALSE,FALSE,,PAY
P1665,forced_choice,semantic_blocked,fc_blocked,20,4490.5,4700,3100,0,1,TRUE,FALSE,FALSE,FALSE,,PAY
P1667,forced_choice,random,fc_random,20,3323,4501,1732,0,1,TRUE,FALSE,FALSE,FALSE,,PAY
P1671,forced_choice,random,fc_random,13,4024,4776,2437,0,1,TRUE,FALSE,FALSE,FALSE,,PAY
P1674,multi_select,semantic_blocked,ms_blocked,20,5660,5852,3234,0,1,TRUE,FALSE,FALSE,FALSE,,PAY
P1680,multi_select,random,ms_random,20,6962,11881,3397,0,1,TRUE,FALSE,FALSE,FALSE,,PAY
P1684,forced_choice,random,fc_random,20,5507.5,6221,2721,0,1,TRUE,FALSE,FALSE,FALSE,,PAY
P1685,multi_select,semantic_blocked,ms_blocked,20,3327.5,4383,1724,0,1,TRUE,FALSE,FALSE,FALSE,,PAY
P1686,forced_choice,semantic_blocked,fc_blocked,20,2480.5,2673,1636,0,1,TRUE,FALSE,FALSE,FALSE,,PAY
P1687,multi_select,random,ms_random,20,5577.5,6265,4075,0,1,TRUE,FALSE,FALSE,FALSE,,PAY
P1688,multi_select,semantic_blocked,ms_blocked,20,16833,16698,8118,0,1,TRUE,FALSE,FALSE,FALSE,,PAY
P1689,forced_choice,random,fc_random,20,3321.5,3895,1533,0,1,TRUE,FALSE,FALSE,FALSE,,PAY
P1691,forced_choice,semantic_blocked,fc_blocked,20,5926,7525,2747,0,1,TRUE,FALSE,FALSE,FALSE,,PAY
P1692,multi_select,semantic_blocked,ms_blocked,20,4115,5779,2319,0,1,TRUE,FALSE,FALSE,FALSE,,PAY
P1694,forced_choice,semantic_blocked,fc_blocked,20,3189,4123,1900,0,1,TRUE,FALSE,FALSE,FALSE,,PAY
P1696,multi_select,semantic_blocked,ms_blocked,20,4824.5,5380,3181,0,1,TRUE,FALSE,FALSE,FALSE,,PAY
P1698,multi_select,random,ms_random,20,3102.5,3714,1037,0,1,TRUE,FALSE,FALSE,FALSE,,PAY
P1700,multi_select,random,ms_random,20,4014.5,5496,2790,0,1,TRUE,FALSE,FALSE,FALSE,,PAY
P1703,forced_choice,random,fc_random,20,3941,4805,2467,0,1,TRUE,FALSE,FALSE,FALSE,,PAY
P1705,multi_select,random,ms_random,20,10373.5,16925,3385,0,1,TRUE,FALSE,FALSE,FALSE,,PAY
P1707,multi_select,semantic_blocked,ms_blocked,20,3847,4470,1825,0,1,TRUE,FALSE,FALSE,FALSE,,PAY
P1708,multi_select,semantic_blocked,ms_blocked,20,7881,13211,4475,0,1,TRUE,FALSE,FALSE,FALSE,,PAY
P1709,multi_select,semantic_blocked,ms_blocked,20,3963.5,4753,2713,0,1,TRUE,FALSE,FALSE,FALSE,,PAY
P1710,forced_choice,random,fc_random,20,4237.5,5133,2875,0,1,TRUE,FALSE,FALSE,FALSE,,PAY
P1711,forced_choice,semantic_blocked,fc_blocked,20,3391.5,3992,2165,0,1,TRUE,FALSE,FALSE,FALSE,,PAY
P1714,forced_choice,random,fc_random,20,4327,5109,2606,0,1,TRUE,FALSE,FALSE,FALSE,,PAY
P1715,forced_choice,semantic_blocked,fc_blocked,20,3609.5,4217,1953,0,1,TRUE,FALSE,FALSE,FALSE,,PAY
P1718,forced_choice,random,fc_random,20,4368.5,4594,2035,0,1,TRUE,FALSE,FALSE,FALSE,,PAY
P1719,multi_select,semantic_blocked,ms_blocked,20,8298,15046,4453,0,1,TRUE,FALSE,FALSE,FALSE,,PAY
P1722,multi_select,semantic_blocked,ms_blocked,20,7138.5,7511,4398,0,1,TRUE,FALSE,FALSE,FALSE,,PAY
P1723,multi_select,semantic_blocked,ms_blocked,20,5446.5,5633,3444,0,1,TRUE,FALSE,FALSE,FALSE,,PAY
P1728,multi_select,semantic_blocked,ms_blocked,20,4108.5,4930,2620,0,1,TRUE,FALSE,FALSE,FALSE,,PAY
P1729,multi_select,random,ms_random,20,7987.5,7580,3101,0,1,TRUE,FALSE,FALSE,FALSE,,PAY
P1731,multi_select,random,ms_random,20,8789,18748,4299,0,1,TRUE,FALSE,FALSE,FALSE,,PAY
P1736,multi_select,semantic_blocked,ms_blocked,20,4619.5,5639,1714,0,1,TRUE,FALSE,FALSE,FALSE,,PAY
P1737,multi_select,semantic_blocked,ms_blocked,20,4849,10682,3325,0,1,TRUE,FALSE,FALSE,FALSE,,PAY
P1738,multi_select,semantic_blocked,ms_blocked,20,3158,3357,1703,0,1,TRUE,FALSE,FALSE,FALSE,,PAY
P1740,multi_select,semantic_blocked,ms_blocked,20,3919.5,4286,2724,0,1,TRUE,FALSE,FALSE,FALSE,,PAY
P1742,forced_choice,random,fc_random,20,4217.5,5665,1884,0,1,TRUE,FALSE,FALSE,FALSE,,PAY
P1744,multi_select,random,ms_random,20,16442,15691,4020,0,1,TRUE,FALSE,FALSE,FALSE,,PAY
P1745,multi_select,semantic_blocked,ms_blocked,20,3974.5,4189,2475,0,1,TRUE,FALSE,FALSE,FALSE,,PAY
P1746,multi_select,random,ms_random,20,7830,8789,3454,0,1,TRUE,FALSE,FALSE,FALSE,,PAY
P1747,multi_select,semantic_blocked,ms_blocked,20,3185,3641,1859,0,1,TRUE,FALSE,FALSE,FALSE,,PAY
P1748,multi_select,random,ms_random,20,5383.5,6826,2162,0,1,TRUE,FALSE,FALSE,FALSE,,PAY
P1751,multi_select,random,ms_random,20,3325,3762,1591,0,1,TRUE,FALSE,FALSE,FALSE,,PAY
P1753,multi_select,semantic_blocked,ms_blocked,20,4566,4806,1923,0,1,TRUE,FALSE,FALSE,FALSE,,PAY
P1754,forced_choice,semantic_blocked,fc_blocked,20,4165.5,4509,2617,0,1,TRUE,FALSE,FALSE,FALSE,,PAY
P1755,forced_choice,random,fc_random,20,5071.5,5159,3200,0,1,TRUE,FALSE,FALSE,FALSE,,PAY
P1756,multi_select,random,ms_random,20,5404.5,5943,3826,0,1,TRUE,FALSE,FALSE,FALSE,,PAY
P1759,multi_select,semantic_blocked,ms_blocked,20,4294,4477,2086,0,1,TRUE,FALSE,FALSE,FALSE,,PAY
P1760,forced_choice,random,fc_random,20,5505,7453,2727,0,1,TRUE,FALSE,FALSE,FALSE,,PAY
P1762,multi_select,semantic_blocked,ms_blocked,20,5121.5,5634,2549,0,1,TRUE,FALSE,FALSE,FALSE,,PAY
P1763,forced_choice,random,fc_random,20,6742,6569,2583,0,1,TRUE,FALSE,FALSE,FALSE,,PAY
P1764,multi_select,semantic_blocked,ms_blocked,20,5651,7797,2775,0,1,TRUE,FALSE,FALSE,FALSE,,PAY
P1765,multi_select,random,ms_random,20,4284.5,5287,2530,0,1,TRUE,FALSE,FALSE,FALSE,,PAY
P1768,multi_select,semantic_blocked,ms_blocked,20,5243.5,5607,3680,0,1,TRUE,FALSE,FALSE,FALSE,,PAY
P1769,multi_select,random,ms_random,20,7552.5,8648,4984,0,1,TRUE,FALSE,FALSE,FALSE,,PAY
P1770,forced_choice,semantic_blocked,fc_blocked,20,3992,5756,3040,0,1,TRUE,FALSE,FALSE,FALSE,,PAY
P1771,forced_choice,random,fc_random,20,4381,4905,2961,0,1,TRUE,FALSE,FALSE,FALSE,,PAY
P1772,multi_select,semantic_blocked,ms_blocked,20,6919.5,7389,3358,0,1,TRUE,FALSE,FALSE,FALSE,,PAY
P1774,forced_choice,random,fc_random,20,6027,8575,3429,0,1,TRUE,FALSE,FALSE,FALSE,,PAY
P1776,multi_select,semantic_blocked,ms_blocked,20,4554,4914,2310,0,1,TRUE,FALSE,FALSE,FALSE,,PAY
P1777,multi_select,semantic_blocked,ms_blocked,20,8735,10403,5236,0,1,TRUE,FALSE,FALSE,FALSE,,PAY
P1778,forced_choice,random,fc_random,20,3735,4388,1604,0,1,TRUE,FALSE,FALSE,FALSE,,PAY
P1781,forced_choice,semantic_blocked,fc_blocked,20,3221,3327,1922,0,1,TRUE,FALSE,FALSE,FALSE,,PAY
P1784,multi_select,random,ms_random,20,7567,9084,3823,0,1,TRUE,FALSE,FALSE,FALSE,,PAY
P1785,forced_choice,random,fc_random,7,8680,17246,5283,0,1,TRUE,FALSE,FALSE,FALSE,,PAY
P1787,forced_choice,random,fc_random,20,3696,4417,2444,0,1,TRUE,FALSE,FALSE,FALSE,,PAY
P1788,forced_choice,semantic_blocked,fc_blocked,20,6656,6574,3944,0,1,TRUE,FALSE,FALSE,FALSE,,PAY
P1789,forced_choice,random,fc_random,20,7447,8100,2906,0,1,TRUE,FALSE,FALSE,FALSE,,PAY
P1790,multi_select,semantic_blocked,ms_blocked,20,5311,6276,3407,0,1,TRUE,FALSE,FALSE,FALSE,,PAY
P1791,multi_select,semantic_blocked,ms_blocked,20,3430,3698,1925,0,1,TRUE,FALSE,FALSE,FALSE,,PAY
P1792,multi_select,random,ms_random,20,6151,7200,4159,0,1,TRUE,FALSE,FALSE,FALSE,,PAY
P1793,multi_select,random,ms_random,20,6849.5,7812,4450,0,1,TRUE,FALSE,FALSE,FALSE,,PAY
P1795,multi_select,semantic_blocked,ms_blocked,20,3822.5,4435,2755,0,1,TRUE,FALSE,FALSE,FALSE,,PAY
P1796,multi_select,semantic_blocked,ms_blocked,20,4083,4083,2671,0,1,TRUE,FALSE,FALSE,FALSE,,PAY
P1797,forced_choice,random,fc_random,20,6410,6640,2624,0,1,TRUE,FALSE,FALSE,FALSE,,PAY
P1798,forced_choice,semantic_blocked,fc_blocked,20,2672.5,3764,1625,0,1,TRUE,FALSE,FALSE,FALSE,,PAY
P1799,multi_select,semantic_blocked,ms_blocked,20,2791,3404,1745,0,1,TRUE,FALSE,FALSE,FALSE,,PAY
P1801,forced_choice,semantic_blocked,fc_blocked,20,4330,5217,1982,0,1,TRUE,FALSE,FALSE,FALSE,,PAY
P1802,forced_choice,random,fc_random,20,3870.5,5440,1898,0,1,TRUE,FALSE,FALSE,FALSE,,PAY
P1803,forced_choice,random,fc_random,20,5116,6045,2515,0,1,TRUE,FALSE,FALSE,FALSE,,PAY
P1804,multi_select,random,ms_random,20,6926.5,16664,3411,0,1,TRUE,FALSE,FALSE,FALSE,,PAY
P1806,multi_select,random,ms_random,20,7265,8126,2396,0,1,TRUE,FALSE,FALSE,FALSE,,PAY
P1809,multi_select,random,ms_random,20,10190,10279,4421,0,1,TRUE,FALSE,FALSE,FALSE,,PAY
P1810,multi_select,random,ms_random,20,3792.5,4864,1877,0,1,TRUE,FALSE,FALSE,FALSE,,PAY
P1811,forced_choice,semantic_blocked,fc_blocked,20,5042,6488,3848,0,1,TRUE,FALSE,FALSE,FALSE,,PAY
P1812,forced_choice,random,fc_random,20,14004.5,15314,6786,0,1,TRUE,FALSE,FALSE,FALSE,,PAY
P1814,multi_select,random,ms_random,20,4482.5,8642,3103,0,1,TRUE,FALSE,FALSE,FALSE,,PAY
P1815,forced_choice,semantic_blocked,fc_blocked,20,2827,3460,1419,0,1,TRUE,FALSE,FALSE,FALSE,,PAY
P1816,multi_select,random,ms_random,20,4554.5,5541,2902,0,1,TRUE,FALSE,FALSE,FALSE,,PAY
P1817,multi_select,semantic_blocked,ms_blocked,20,4662.5,5247,3094,0,1,TRUE,FALSE,FALSE,FALSE,,PAY
P1819,multi_select,random,ms_random,20,4465.5,12416,2739,0,1,TRUE,FALSE,FALSE,FALSE,,PAY
P1824,multi_select,semantic_blocked,ms_blocked,20,11061,11748,5282,0,1,TRUE,FALSE,FALSE,FALSE,,PAY
P1825,forced_choice,random,fc_random,13,3785,5362,2237,0,1,TRUE,FALSE,FALSE,FALSE,,PAY
P1826,forced_choice,random,fc_random,20,3330,4307,1976,0,1,TRUE,FALSE,FALSE,FALSE,,PAY
P1827,forced_choice,semantic_blocked,fc_blocked,20,4315,5201,2437,0,1,TRUE,FALSE,FALSE,FALSE,,PAY
P1828,multi_select,random,ms_random,20,4867.5,7377,2462,0,1,TRUE,FALSE,FALSE,FALSE,,PAY
P1831,multi_select,random,ms_random,20,5437,5891,3544,0,1,TRUE,FALSE,FALSE,FALSE,,PAY
P1833,multi_select,semantic_blocked,ms_blocked,20,3845.5,3864,2070,0,1,TRUE,FALSE,FALSE,FALSE,,PAY
P1835,multi_select,random,ms_random,20,3614,4467,1949,0,1,TRUE,FALSE,FALSE,FALSE,,PAY
P1836,forced_choice,random,fc_random,20,2794,3252,1626,0,1,TRUE,FALSE,FALSE,FALSE,,PAY
P1844,forced_choice,semantic_blocked,fc_blocked,20,4808,5311,2464,0,1,TRUE,FALSE,FALSE,FALSE,,PAY
P1845,forced_choice,semantic_blocked,fc_blocked,20,4931,8768,2399,0,1,TRUE,FALSE,FALSE,FALSE,,PAY
P1847,forced_choice,semantic_blocked,fc_blocked,20,3004.5,3676,1927,0,1,TRUE,FALSE,FALSE,FALSE,,PAY
P1849,multi_select,random,ms_random,20,7221,7331,3045,0,1,TRUE,FALSE,FALSE,FALSE,,PAY
P1851,forced_choice,random,fc_random,20,4226,5504,1753,0,1,TRUE,FALSE,FALSE,FALSE,,PAY
P1853,forced_choice,semantic_blocked,fc_blocked,20,3351,3788,1660,0,1,TRUE,FALSE,FALSE,FALSE,,PAY
P1854,multi_select,random,ms_random,20,5702.5,6861,1878,0,1,TRUE,FALSE,FALSE,FALSE,,PAY
P1855,forced_choice,semantic_blocked,fc_blocked,20,13314.5,19418,1801,0,1,TRUE,FALSE,FALSE,FALSE,,PAY
P1856,multi_select,semantic_blocked,ms_blocked,20,4939.5,5553,2247,0,1,TRUE,FALSE,FALSE,FALSE,,PAY
P1859,multi_select,random,ms_random,20,12610.5,14319,9851,0,1,TRUE,FALSE,FALSE,FALSE,,PAY
P1860,forced_choice,random,fc_random,20,16951,20288,3671,0,1,TRUE,FALSE,FALSE,FALSE,,PAY
P1861,multi_select,semantic_blocked,ms_blocked,20,5045,6260,2864,0,1,TRUE,FALSE,FALSE,FALSE,,PAY
P1862,forced_choice,semantic_blocked,fc_blocked,20,3629.5,3832,2415,0,1,TRUE,FALSE,FALSE,FALSE,,PAY
P1865,multi_select,random,ms_random,20,3463.5,3984,1672,0,1,TRUE,FALSE,FALSE,FALSE,,PAY
P1866,forced_choice,random,fc_random,20,2842,3620,1695,0,1,TRUE,FALSE,FALSE,FALSE,,PAY
P1867,multi_select,random,ms_random,19,4904,5679,2751,0,1,TRUE,FALSE,FALSE,FALSE,,PAY
P1869,multi_select,semantic_blocked,ms_blocked,20,4889,5769,3381,0,1,TRUE,FALSE,FALSE,FALSE,,PAY
P1870,forced_choice,random,fc_random,20,6623,6981,3566,0,1,TRUE,FALSE,FALSE,FALSE,,PAY
P1871,multi_select,random,ms_random,20,5996.5,6000,2934,0,1,TRUE,FALSE,FALSE,FALSE,,PAY
P1872,multi_select,random,ms_random,20,4662,4600,2469,0,1,TRUE,FALSE,FALSE,FALSE,,PAY
P1875,forced_choice,semantic_blocked,fc_blocked,20,6141.5,8514,3646,0,1,TRUE,FALSE,FALSE,FALSE,,PAY
P1877,forced_choice,random,fc_random,20,3579.5,4391,1998,0,1,TRUE,FALSE,FALSE,FALSE,,PAY
P1879,forced_choice,semantic_blocked,fc_blocked,20,4140.5,5536,2380,0,1,TRUE,FALSE,FALSE,FALSE,,PAY
P1881,forced_choice,random,fc_random,20,7098.5,8550,3205,0,1,TRUE,FALSE,FALSE,FALSE,,PAY
P1885,multi_select,random,ms_random,20,8813.5,10098,5130,0,1,TRUE,FALSE,FALSE,FALSE,,PAY
P1886,multi_select,random,ms_random,7,4815,5498,3382,0,1,TRUE,FALSE,FALSE,FALSE,,PAY
P1888,multi_select,random,ms_random,20,3732,3945,2247,0,1,TRUE,FALSE,FALSE,FALSE,,PAY
P1891,multi_select,semantic_blocked,ms_blocked,20,4573.5,6451,2409,0,1,TRUE,FALSE,FALSE,FALSE,,PAY
P1894,forced_choice,random,fc_random,20,20383,22313,17130,0,1,TRUE,FALSE,FALSE,FALSE,,PAY
P1897,forced_choice,random,fc_random,20,3494.5,4634,1507,0,1,TRUE,FALSE,FALSE,FALSE,,PAY
P1898,forced_choice,random,fc_random,20,19413.5,21598,2649,0,1,TRUE,FALSE,FALSE,FALSE,,PAY
P1899,forced_choice,random,fc_random,20,6281,6803,3622,0,1,TRUE,FALSE,FALSE,FALSE,,PAY
P1900,forced_choice,semantic_blocked,fc_blocked,20,7069,9663,4184,0,1,TRUE,FALSE,FALSE,FALSE,,PAY
P1901,multi_select,random,ms_random,20,3565,12452,1678,0,1,TRUE,FALSE,FALSE,FALSE,,PAY
P1905,forced_choice,semantic_blocked,fc_blocked,20,3105.5,3513,1755,0,1,TRUE,FALSE,FALSE,FALSE,,PAY
P1907,multi_select,semantic_blocked,ms_blocked,20,5711.5,6526,2545,0,1,TRUE,FALSE,FALSE,FALSE,,PAY
P1908,forced_choice,semantic_blocked,fc_blocked,20,6011,6700,3027,0,1,TRUE,FALSE,FALSE,FALSE,,PAY
P1909,multi_select,semantic_blocked,ms_blocked,20,5546,5626,2441,0,1,TRUE,FALSE,FALSE,FALSE,,PAY
P1910,multi_select,semantic_blocked,ms_blocked,20,3407.5,4055,1986,0,1,TRUE,FALSE,FALSE,FALSE,,PAY
P0039,multi_select,random,ms_random,20,3618,3924,2511,0,1,FALSE,FALSE,TRUE,FALSE,failed_attention_check,REJECT
P0082,forced_choice,semantic_blocked,fc_blocked,14,2280,2509,1398,0,0,FALSE,FALSE,TRUE,FALSE,failed_attention_check,REJECT
P0117,multi_select,semantic_blocked,ms_blocked,20,6051.5,6535,3979,0,1,FALSE,FALSE,TRUE,FALSE,failed_attention_check,REJECT
P0130,forced_choice,semantic_blocked,fc_blocked,10,3577,3997,1827,0,0,FALSE,FALSE,TRUE,FALSE,failed_attention_check,REJECT
P0202,forced_choice,semantic_blocked,fc_blocked,11,4569,4928,2487,0,0,FALSE,FALSE,TRUE,FALSE,failed_attention_check,REJECT
P0218,forced_choice,random,fc_random,8,9069,10076,6850,0,0,FALSE,FALSE,TRUE,FALSE,failed_attention_check,REJECT
P0266,forced_choice,semantic_blocked,fc_blocked,20,2930,3179,1870,0,1,FALSE,FALSE,TRUE,FALSE,failed_attention_check,REJECT
P0288,forced_choice,semantic_blocked,fc_blocked,13,5457,6156,3418,0,0,FALSE,FALSE,TRUE,FALSE,failed_attention_check,REJECT
P0319,forced_choice,random,fc_random,6,9909.5,10212,3916,0,0,FALSE,FALSE,TRUE,FALSE,failed_attention_check,REJECT
P0442,forced_choice,random,fc_random,8,4433,4746,2573,0,0,FALSE,FALSE,TRUE,FALSE,failed_attention_check,REJECT
P0475,multi_select,semantic_blocked,ms_blocked,15,3567,4311,2014,0,0,FALSE,FALSE,TRUE,FALSE,failed_attention_check,REJECT
P0511,multi_select,random,ms_random,20,2050.5,3112,1510,0,1,FALSE,FALSE,TRUE,FALSE,failed_attention_check,REJECT
P0528,multi_select,semantic_blocked,ms_blocked,1,3590,3590,3590,0,0,FALSE,FALSE,TRUE,FALSE,failed_attention_check,REJECT
P0619,multi_select,random,ms_random,2,12993,12993,9071,0,0,FALSE,FALSE,TRUE,FALSE,failed_attention_check,REJECT
P0651,forced_choice,semantic_blocked,fc_blocked,19,2809,2913,1829,0,0,FALSE,FALSE,TRUE,FALSE,failed_attention_check,REJECT
P0677,multi_select,semantic_blocked,ms_blocked,5,5957,6381,4164,0,0,FALSE,FALSE,TRUE,FALSE,failed_attention_check,REJECT
P0689,forced_choice,semantic_blocked,fc_blocked,11,3696,4515,1094,0,0,FALSE,FALSE,TRUE,FALSE,failed_attention_check,REJECT
P0719,forced_choice,semantic_blocked,fc_blocked,20,1498,1940,970,0.05,1,FALSE,FALSE,TRUE,TRUE,failed_attention_check; too_fast,REJECT
P0734,multi_select,semantic_blocked,ms_blocked,1,6876,6876,6876,0,0,FALSE,FALSE,TRUE,FALSE,failed_attention_check,REJECT
P0737,forced_choice,random,fc_random,20,5174,5306,3526,0,1,FALSE,FALSE,TRUE,FALSE,failed_attention_check,REJECT
P0757,multi_select,semantic_blocked,ms_blocked,20,930.5,1001,848,0.75,1,TRUE,TRUE,FALSE,TRUE,explicit_id; too_fast,REJECT
P0861,forced_choice,semantic_blocked,fc_blocked,18,4496.5,5332,2662,0,0,FALSE,FALSE,TRUE,FALSE,failed_attention_check,REJECT
P0878,multi_select,semantic_blocked,ms_blocked,3,4191,4250,3071,0,0,FALSE,FALSE,TRUE,FALSE,failed_attention_check,REJECT
P0984,multi_select,semantic_blocked,ms_blocked,5,5950,5858,4224,0,0,FALSE,FALSE,TRUE,FALSE,failed_attention_check,REJECT
P1038,multi_select,semantic_blocked,ms_blocked,20,3018.5,3127,1297,0,1,FALSE,FALSE,TRUE,FALSE,failed_attention_check,REJECT
P1048,forced_choice,semantic_blocked,fc_blocked,14,8700,8472,3717,0,0,FALSE,FALSE,TRUE,FALSE,failed_attention_check,REJECT
P1147,forced_choice,semantic_blocked,fc_blocked,10,2978,3257,2383,0,0,FALSE,FALSE,TRUE,FALSE,failed_attention_check,REJECT
P1504,forced_choice,random,fc_random,20,4496,5002,2140,0,1,FALSE,FALSE,TRUE,FALSE,failed_attention_check,REJECT
P1521,multi_select,random,ms_random,20,3611,12921,2068,0,1,FALSE,FALSE,TRUE,FALSE,failed_attention_check,REJECT
P1553,multi_select,semantic_blocked,ms_blocked,20,3176.5,4432,2168,0,1,FALSE,FALSE,TRUE,FALSE,failed_attention_check,REJECT
P1571,multi_select,random,ms_random,9,7761,8833,3456,0,0,FALSE,FALSE,TRUE,FALSE,failed_attention_check,REJECT
P1584,multi_select,semantic_blocked,ms_blocked,4,4293,4718,2286,0,0,FALSE,FALSE,TRUE,FALSE,failed_attention_check,REJECT
P1593,forced_choice,semantic_blocked,fc_blocked,14,9371,9087,3943,0,0,FALSE,FALSE,TRUE,FALSE,failed_attention_check,REJECT
P1631,forced_choice,random,fc_random,20,5762,6275,3483,0,1,FALSE,FALSE,TRUE,FALSE,failed_attention_check,REJECT
P1637,multi_select,semantic_blocked,ms_blocked,5,8446,8438,3942,0,0,FALSE,FALSE,TRUE,FALSE,failed_attention_check,REJECT
P1639,multi_select,semantic_blocked,ms_blocked,1,8494,8494,8494,0,0,FALSE,FALSE,TRUE,FALSE,failed_attention_check,REJECT
P1660,forced_choice,random,fc_random,20,5567.5,9707,2357,0,1,FALSE,FALSE,TRUE,FALSE,failed_attention_check,REJECT
P1662,forced_choice,random,fc_random,8,17891,14221,2687,0,0,FALSE,FALSE,TRUE,FALSE,failed_attention_check,REJECT
P1664,forced_choice,semantic_blocked,fc_blocked,13,3328,3884,2597,0,0,FALSE,FALSE,TRUE,FALSE,failed_attention_check,REJECT
P1669,multi_select,semantic_blocked,ms_blocked,1,7792,7792,7792,0,0,FALSE,FALSE,TRUE,FALSE,failed_attention_check,REJECT
P1677,forced_choice,semantic_blocked,fc_blocked,8,5966.5,7197,4701,0,0,FALSE,FALSE,TRUE,FALSE,failed_attention_check,REJECT
P1693,forced_choice,semantic_blocked,fc_blocked,1,6255,6255,6255,0,0,FALSE,FALSE,TRUE,FALSE,failed_attention_check,REJECT
P1702,forced_choice,semantic_blocked,fc_blocked,1,5281,5281,5281,0,0,FALSE,FALSE,TRUE,FALSE,failed_attention_check,REJECT
P1712,multi_select,random,ms_random,20,2568,3398,1391,0,1,TRUE,TRUE,FALSE,FALSE,explicit_id,REJECT
P1716,forced_choice,semantic_blocked,fc_blocked,20,5737,6868,2143,0,1,FALSE,FALSE,TRUE,FALSE,failed_attention_check,REJECT
P1730,multi_select,semantic_blocked,ms_blocked,1,5295,5295,5295,0,0,FALSE,FALSE,TRUE,FALSE,failed_attention_check,REJECT
P1752,multi_select,semantic_blocked,ms_blocked,10,6237.5,8239,4039,0,0,FALSE,FALSE,TRUE,FALSE,failed_attention_check,REJECT
P1766,multi_select,semantic_blocked,ms_blocked,9,3340,3707,2532,0,0,FALSE,FALSE,TRUE,FALSE,failed_attention_check,REJECT
P1773,multi_select,semantic_blocked,ms_blocked,1,9920,9920,9920,0,0,FALSE,FALSE,TRUE,FALSE,failed_attention_check,REJECT
P1800,multi_select,semantic_blocked,ms_blocked,20,4372.5,4836,2576,0,1,FALSE,FALSE,TRUE,FALSE,failed_attention_check,REJECT
P1813,forced_choice,semantic_blocked,fc_blocked,20,22488,25029,5587,0,1,FALSE,FALSE,TRUE,FALSE,failed_attention_check,REJECT
P1823,forced_choice,semantic_blocked,fc_blocked,20,3987,4424,2253,0,1,FALSE,FALSE,TRUE,FALSE,failed_attention_check,REJECT
P1843,forced_choice,semantic_blocked,fc_blocked,5,3150,5228,1820,0,0,FALSE,FALSE,TRUE,FALSE,failed_attention_check,REJECT
P1848,forced_choice,semantic_blocked,fc_blocked,13,14056,15367,3017,0,0,FALSE,FALSE,TRUE,FALSE,failed_attention_check,REJECT
P1850,forced_choice,random,fc_random,10,7695,7885,3335,0,0,FALSE,FALSE,TRUE,FALSE,failed_attention_check,REJECT
P1857,forced_choice,random,fc_random,20,2991.5,3470,1928,0,1,FALSE,FALSE,TRUE,FALSE,failed_attention_check,REJECT
P1863,multi_select,semantic_blocked,ms_blocked,10,4916,5780,3463,0,0,FALSE,FALSE,TRUE,FALSE,failed_attention_check,REJECT
P1874,multi_select,random,ms_random,2,10600.5,10600,7245,0,0,FALSE,FALSE,TRUE,FALSE,failed_attention_check,REJECT
P1880,multi_select,random,ms_random,2,15923.5,15924,7657,0,0,FALSE,FALSE,TRUE,FALSE,failed_attention_check,REJECT
P1895,forced_choice,random,fc_random,7,6387,7085,3214,0,0,FALSE,FALSE,TRUE,FALSE,failed_attention_check,REJECT
,multi_select,semantic_blocked,ms_blocked,20,1331.5,1403,1197,0,1,TRUE,TRUE,FALSE,TRUE,explicit_id; too_fast,REJECT
