uni_lemma,english_s1,english_s2,korean_s1,korean_s2,language,lexical_category,category,freq,concreteness,intercept,slope,aoa,logfreq
airplane,0.3,0.5,0.3333333333333333,0.6428571428571429,Korean,nouns,vehicles,0.9996824097773086,0.825329576937764,-6.984642764649531,0.3000206961858892,23.28053648779593,0.9996824097773086
animal,0.1111111111111111,0.16666666666666666,0.5,0.5862068965517241,Korean,nouns,animals,0.4021046765363542,0.4799478447818661,-8.630330735659784,0.299704252114664,28.79615712745344,0.4021046765363542
ankle,0.2857142857142857,0.5,0.625,0.8620689655172413,Korean,nouns,body_parts,-1.8923679379548188,0.6773088345852358,-10.026421054642343,0.2996115828103835,33.46473110483118,-1.8923679379548188
ant,0.25,0.14285714285714285,0.25,0.6206896551724138,Korean,nouns,animals,0.18654018925395743,0.7266490820360791,-7.558057091576439,0.29979569059737693,25.210692910615737,0.18654018925395743
apple,0.75,0.09090909090909093,0.1111111111111111,0.4482758620689655,Korean,nouns,food_drink,0.9424535606707758,0.8648017748984381,-6.429850775240617,0.30002063475774915,21.43136181427115,0.9424535606707758
arm,0.6,0.5555555555555556,0.4615384615384616,0.8620689655172413,Korean,nouns,body_parts,0.5361816127552277,0.825329576937764,-7.378748761487383,0.2999870439121021,24.596891469917608,0.5361816127552277
back (body part),0.2727272727272727,0.5555555555555556,0.2,0.7931034482758621,Korean,nouns,body_parts,-0.0351103209294904,0.20364245905714717,-8.21951386565323,0.29986680976795993,27.4105489434245,-0.0351103209294904
bag,0.4444444444444444,0.4444444444444444,1,0.6551724137931034,Korean,nouns,clothing,0.15048649609459608,0.7661212799967533,-6.688709996847673,0.3000357961148475,22.293039975428044,0.15048649609459608
balloon,0.6153846153846154,0.25,0.3333333333333333,0.3793103448275862,Korean,nouns,toys,-0.06921418901645653,0.7858573789770898,-6.702435464979565,0.30001769909727666,22.340133549275677,-0.06921418901645653
banana,0.5,0.4117647058823529,0.75,0.4827586206896552,Korean,nouns,food_drink,0.42652454841882825,0.8648017748984381,-6.333678919902112,0.30001233192527654,21.111395252511247,0.42652454841882825
bathtub,0.3076923076923077,0.3,0.42857142857142855,0.6206896551724138,Korean,nouns,furniture_rooms,-0.817067549044895,0.7858573789770898,-8.276071011333764,0.2997692721677622,27.60813658947059,-0.817067549044895
bear,0.125,0.1111111111111111,0.3333333333333333,0.6551724137931034,Korean,nouns,animals,1.0978345289263804,0.7463851810164157,-6.6900713565103835,0.29993875605725845,22.30479129957199,1.0978345289263804
bed,0.75,0.5,0.7142857142857143,0.6896551724137931,Korean,nouns,furniture_rooms,-0.14350794809144043,0.8648017748984381,-7.441495608715116,0.29995024679187643,24.80909980340331,-0.14350794809144043
bee,0.25,0.08333333333333333,0.6666666666666666,0.6896551724137931,Korean,nouns,animals,-0.20560078694684175,0.7463851810164157,-8.335866914025216,0.2997886897462518,27.80580855495546,-0.20560078694684175
belly button,0.5,0.6923076923076923,0.6666666666666666,0.7586206896551724,Korean,nouns,body_parts,-0.18421677609650824,0.8648017748984381,-6.720739487924108,0.29988926385164755,22.41073722215276,-0.18421677609650824
belt,0.42857142857142855,0.1111111111111111,0.6666666666666666,0.6206896551724138,Korean,nouns,clothing,-1.4551529404889745,0.7661212799967533,-9.881155289693083,0.299707501506065,32.969329229462495,-1.4551529404889745
bicycle,0.75,0.6111111111111112,0.5,0.6428571428571429,Korean,nouns,vehicles,0.6178875359547884,0.7562532305065841,-6.9971432447853825,0.29992447628682306,23.32968396381858,0.6178875359547884
bird,0.125,0.38461538461538464,1,0.7586206896551724,Korean,nouns,animals,1.034124945205912,0.8648017748984381,-6.839508813245086,0.29999317219559885,22.798881598497353,1.034124945205912
blanket,0.25,0.1111111111111111,0.7142857142857143,0.5517241379310345,Korean,nouns,furniture_rooms,-0.10526788217581844,0.8648017748984381,-6.730583663956834,0.3000130916254454,22.434299875019132,-0.10526788217581844
boat,0.375,0.2857142857142857,0.5,0.6428571428571429,Korean,nouns,vehicles,1.0218168881863003,0.7957254284672582,-7.180993166918064,0.29998010428512345,23.938231450485507,1.0218168881863003
boat,0.375,0.2857142857142857,0.5,0.8275862068965517,Korean,nouns,vehicles,1.0218168881863003,0.7957254284672582,-7.180993166918064,0.29998010428512345,23.938231450485507,1.0218168881863003
book,0.375,0.21428571428571427,0.4,0.4827586206896552,Korean,nouns,toys,2.1058137925109364,0.7661212799967533,-6.115371316132961,0.2999886723967962,20.385340777281534,2.1058137925109364
bottle,0.6666666666666666,0.5833333333333334,0.8333333333333334,0.7241379310344828,Korean,nouns,household,-0.6214317735623528,0.7759893294869216,-8.956044951085874,0.2997943013060793,29.87396662334175,-0.6214317735623528
boulder,0.5454545454545454,0.5,0.18181818181818185,0.4827586206896552,Korean,nouns,outside,0.4873685887894179,0.5391561417228768,-10.010236813664218,0.29976421932690944,33.3937013434799,0.4873685887894179
bowl,0.7777777777777778,1,0.42857142857142855,0.6206896551724138,Korean,nouns,household,-0.8771861518327679,0.7365171315262474,-8.020106927340908,0.2996978077539357,26.760645956829116,-0.8771861518327679
box,0.7142857142857143,0.9090909090909092,0.6666666666666666,0.7241379310344828,Korean,nouns,household,-0.2992193631765605,0.7661212799967533,-8.93323220661993,0.2997160475048877,29.805651986232903,-0.2992193631765605
broom,0.625,0.625,1,0.7241379310344828,Korean,nouns,household,-0.6214317735623528,0.7562532305065841,-9.106706525793124,0.2996706579763373,30.389049723087037,-0.6214317735623528
bunny,0.3,0.2,0.3,0.7586206896551724,Korean,nouns,animals,1.556708921620931,0.8351976264279324,-6.585307481756473,0.29999708184961416,21.951238462571546,1.556708921620931
bus,0.5,0.7,0.875,0.5714285714285714,Korean,nouns,vehicles,0.8434558718308552,0.7661212799967533,-6.833337164160364,0.3000318361304114,22.775373614652665,0.8434558718308552
butt,0.25,0.631578947368421,0.5,0.7586206896551724,Korean,nouns,body_parts,-1.0179379430231297,0.6181005376442251,-7.873203591556026,0.29969162711553876,26.27101620199988,-1.0179379430231297
butterfly,0.375,0.2,0.375,0.6896551724137931,Korean,nouns,animals,0.28377349118499595,0.7957254284672582,-6.794504584306071,0.3000304604209658,22.646049253708636,0.28377349118499595
button,0.375,0.5,0.5,0.6551724137931034,Korean,nouns,clothing,-0.472325318395335,0.825329576937764,-7.695359361592384,0.29987820514224317,25.661616048229295,-0.472325318395335
cake,0.1111111111111111,0.2222222222222222,0.4166666666666667,0.4827586206896552,Korean,nouns,food_drink,0.08540119119923828,0.6773088345852358,-7.523857531416922,0.29996999291191473,25.08203390072513,0.08540119119923828
camera,0.5,0.1111111111111111,0.4,0.7241379310344828,Korean,nouns,household,-0.37985255157905035,0.8648017748984381,-8.113794818557395,0.2997555734200112,27.068036553864225,-0.37985255157905035
carrot,0.3333333333333333,0.3,0.2222222222222222,0.4482758620689655,Korean,nouns,food_drink,0.8557041772368528,0.8648017748984381,-7.620285015910525,0.299666103833995,25.429252486066652,0.8557041772368528
chair,0.7,0.7,0.8571428571428571,0.6551724137931034,Korean,nouns,furniture_rooms,-0.16353400812956995,0.45034369631136023,-6.772634800343235,0.29999956564897434,22.575482020090018,-0.16353400812956995
cheek,0.125,0.25,0.4,0.7037037037037037,Korean,nouns,body_parts,-0.7621835647527156,0.6970449335655733,-5.2258380179162804,0.16407301466188076,31.850685676042517,-0.7621835647527156
chicken (animal),0.25,0.1111111111111111,0.2857142857142857,0.6551724137931034,Korean,nouns,animals,-0.2992193631765605,0.6674407850950675,-7.431334687350717,0.2998240108175436,24.785655648749955,-0.2992193631765605
chin,0.5,0.6,0.5,0.8620689655172413,Korean,nouns,body_parts,-1.1021652602875218,0.7562532305065841,-5.689575253270294,0.19490491457557751,29.191543300279736,-1.1021652602875218
chopstick,0.5,0.7777777777777778,0.8,0.7241379310344828,Korean,nouns,household,-0.8771861518327679,0.7957254284672582,-7.7398585566111455,0.29982924841560304,25.814221252633352,-0.8771861518327679
clock,0.3,0.4,0.75,0.6896551724137931,Korean,nouns,household,0.515722481702046,0.8648017748984381,-7.176912076168951,0.29995665702312585,23.92649707259416,0.515722481702046
closet,0.26666666666666666,0.4545454545454546,0.9090909090909092,0.7241379310344828,Korean,nouns,furniture_rooms,-1.3144011492986123,0.6970449335655733,-8.738554944482182,0.2997217716340018,29.15555615743878,-1.3144011492986123
coat,0.2307692307692308,0.5,0.75,0.5862068965517241,Korean,nouns,clothing,-1.1021652602875218,0.8351976264279324,-6.07400582281351,0.1778276526840568,34.15670021582688,-1.1021652602875218
comb (object),0.7,0.625,0.5714285714285714,0.7586206896551724,Korean,nouns,household,-0.9436441839481464,0.8648017748984381,-7.381483873441794,0.299808807956894,24.620637144533426,-0.9436441839481464
couch,0.625,0.6666666666666666,0.875,0.6896551724137931,Korean,nouns,furniture_rooms,-0.5064291864823017,0.578628339683551,-8.183247627778323,0.2994770927109331,27.32512044143928,-0.5064291864823017
cow,0.3,0.38461538461538464,0.2,0.6896551724137931,Korean,nouns,animals,0.38528320209707745,0.825329576937764,-7.0085165204274125,0.2998355213398721,23.374537109907862,0.38528320209707745
crocodile,0.38461538461538464,0.2222222222222222,0.5,0.6896551724137931,Korean,nouns,animals,0.3937500125596981,0.6970449335655733,-7.166230886172681,0.2999520519743416,23.89125474889464,0.3937500125596981
cup,0.7,0.7777777777777778,0.5714285714285714,0.6896551724137931,Korean,nouns,household,0.1627348015005936,0.8648017748984381,-6.495299576930985,0.29993038166157743,21.65602411115481,0.1627348015005936
deer,0.375,0.15384615384615383,0.4545454545454546,0.6896551724137931,Korean,nouns,animals,-0.14350794809144043,0.7266490820360791,-8.36408429882736,0.29972661548311946,27.90571096045497,-0.14350794809144043
diaper,0.2222222222222222,0.21428571428571427,0.25,0.6206896551724138,Korean,nouns,clothing,0.37670119340408553,0.687176884075405,-6.792411998471811,0.2997826378273451,22.65778981631281,0.37670119340408553
doll,0.5555555555555556,0.4545454545454546,0.75,0.5172413793103449,Korean,nouns,toys,0.7209884886508405,0.8648017748984381,-6.906810439520313,0.29985404334920146,23.03390797194233,0.7209884886508405
donut,0.6666666666666666,0.625,0.6666666666666666,0.5862068965517241,Korean,nouns,food_drink,-0.9436441839481464,0.7957254284672582,-9.781935407858892,0.29968766945588643,32.64043337391557,-0.9436441839481464
door,0.6,0.6363636363636364,1,0.5862068965517241,Korean,nouns,furniture_rooms,0.8309650100255427,0.6773088345852358,-6.65537873946845,0.29996733788220903,22.187011380825332,0.8309650100255427
drawer,0.6,0.5,0.75,0.7241379310344828,Korean,nouns,furniture_rooms,-1.0179379430231297,0.5391561417228768,-8.59075860961157,0.2997057050646749,28.663980913402128,-1.0179379430231297
dress (object),0.21428571428571427,0.1,0.6666666666666666,0.6206896551724138,Korean,nouns,clothing,0.7503318216230528,0.7957254284672582,-6.900280786597713,0.2998765033753535,23.01040831452098,0.7503318216230528
ear,0.4444444444444444,0.35294117647058826,0.2,0.8275862068965517,Korean,nouns,body_parts,0.4800763930212602,0.8648017748984381,-6.202981656038428,0.30007210852874683,20.67163684906151,0.4800763930212602
eye,0.6666666666666666,0.625,0.2222222222222222,0.6896551724137931,Korean,nouns,body_parts,1.0124256292209728,0.7661212799967533,-5.89086767310661,0.30009126897152527,19.630253466873025,1.0124256292209728
eye,0.6666666666666666,0.625,0.2222222222222222,0.3793103448275862,Korean,nouns,body_parts,1.0124256292209728,0.7661212799967533,-5.89086767310661,0.30009126897152527,19.630253466873025,1.0124256292209728
face,0.5,0.5,0.8,0.7931034482758621,Korean,nouns,body_parts,0.5428564677267165,0.7365171315262474,-7.21621807147035,0.29997907355382236,24.05573824193978,0.5428564677267165
finger,0.3404255319148936,0.38461538461538464,0.8333333333333334,0.7931034482758621,Korean,nouns,body_parts,-0.18421677609650824,0.8648017748984381,-7.734298168415276,0.29976320559315356,25.80135928661127,-0.18421677609650824
fingernail,0.375,0.16666666666666666,0.6666666666666666,0.6896551724137931,Korean,nouns,body_parts,-0.4091958845512632,0.7957254284672582,-8.420864304379203,0.29952526673400026,28.114036575944457,-0.4091958845512632
fish (animal),0.2,0.4444444444444444,1,0.3275862068965517,Korean,nouns,animals,0.6688292079848479,0.8648017748984381,-6.931163054017179,0.29999356934887295,23.104372100578892,0.6688292079848479
foot,0.5454545454545454,0.5,0.3333333333333333,0.8620689655172413,Korean,nouns,body_parts,0.989953148888034,0.7661212799967533,-6.097713473905176,0.30000122495705517,20.325628586276796,0.989953148888034
fork,0.8,0.7,1,0.7241379310344828,Korean,nouns,household,-0.32496856728687107,0.7661212799967533,-7.1328220240528815,0.2997130025789047,23.79884076659317,-0.32496856728687107
frog,0.4,0.16666666666666666,0.5,0.5517241379310345,Korean,nouns,animals,1.0060861998934674,0.8648017748984381,-7.456632906288633,0.299990363895758,24.856241412073143,1.0060861998934674
fruit,0.1111111111111111,0.15384615384615383,0.18181818181818185,0.41379310344827586,Korean,nouns,food_drink,0.38528320209707745,0.6773088345852358,-7.982675562927962,0.29958789751404036,26.645520827669113,0.38528320209707745
giraffe,0.25,0.125,0.4,0.6206896551724138,Korean,nouns,animals,0.796393733315005,0.5983644386638884,-7.264160757773366,0.2999195886293557,24.22036116737445,0.796393733315005
glasses,0.3636363636363637,0.3636363636363637,0.7777777777777778,0.6551724137931034,Korean,nouns,household,-0.00275615690107872,0.7661212799967533,-7.126741287544422,0.29992104256737256,23.76205826219583,-0.00275615690107872
glove,0.6,0.8333333333333334,0.8333333333333334,0.6551724137931034,Korean,nouns,clothing,-0.580722945557285,0.8351976264279324,-7.705962157966894,0.30001612035335035,25.6851603470208,-0.580722945557285
goat,0.2,0.25,0.25,0.7241379310344828,Korean,nouns,animals,-0.08698347416547084,0.8648017748984381,-5.715765776284852,0.2009772808197361,28.439860231821587,-0.08698347416547084
grapes,0.16666666666666666,0.1111111111111111,0.6666666666666666,0.4482758620689655,Korean,nouns,food_drink,0.08540119119923828,0.8648017748984381,-6.836791336631345,0.30002865590978117,22.787127835839694,0.08540119119923828
gun,0.3076923076923077,0.1,0.6666666666666666,0.5517241379310345,Korean,nouns,toys,-0.2506748082118866,0.6970449335655733,-8.402239949118199,0.29969887910549253,28.03560685377356,-0.2506748082118866
hamburger,0.1111111111111111,0.3,0.125,0.5172413793103449,Korean,nouns,food_drink,-0.8771861518327679,0.8648017748984381,-8.762813238811807,0.3000126973255481,29.208141245112547,-0.8771861518327679
hammer,0.8333333333333334,0.3636363636363637,0.5,0.7241379310344828,Korean,nouns,household,-0.5064291864823017,0.6378366366245617,-9.484459701011112,0.299613937217153,31.65560250335418,-0.5064291864823017
hand,0.7,0.25,0.6,0.8275862068965517,Korean,nouns,body_parts,1.2336087307808496,0.5884963891737193,-6.225719028707949,0.29996424513786335,20.75487038745772,1.2336087307808496
hat,0.6,0.4615384615384616,0.7777777777777778,0.6206896551724138,Korean,nouns,clothing,1.1631898196618602,0.7463851810164157,-6.432915904155008,0.2999981802493096,21.443183084674104,1.1631898196618602
head,0.3333333333333333,0.5882352941176471,0.5,0.8275862068965517,Korean,nouns,body_parts,0.8637395458846728,0.6181005376442251,-6.454012999786751,0.29998891568695596,21.51417156533088,0.8637395458846728
helicopter,0.5,0.4615384615384616,0.5714285714285714,0.6428571428571429,Korean,nouns,vehicles,-0.6214317735623528,0.4898158942720344,-8.350437766362813,0.2996538138221155,27.866949730597828,-0.6214317735623528
hip,0.5,0.5,0.25,0.8275862068965517,Korean,nouns,body_parts,-0.4399711543669233,0.0852258651751248,-7.135864304422813,0.3000089712827364,23.785503059832784,-0.4399711543669233
hippopotamus,0.5,0.4444444444444444,0.3333333333333333,0.7586206896551724,Korean,nouns,animals,0.07153760217390573,0.7957254284672582,-7.485514239644721,0.29986884209195425,24.96262761887513,0.07153760217390573
horse,0.4,0.42857142857142855,0.25,0.6551724137931034,Korean,nouns,animals,1.1607015801091622,0.8648017748984381,-7.104098451282441,0.29985703461816493,23.691618441864243,1.1607015801091622
hot dog,0.3,0.3636363636363637,0.5,0.5172413793103449,Korean,nouns,food_drink,0.9209480262850231,0.7365171315262474,-9.745881631984933,0.29977638261855594,32.51050515338919,0.9209480262850231
jacket,0.3636363636363637,0.18181818181818185,0.6,0.5862068965517241,Korean,nouns,clothing,-1.636613559684405,0.7266490820360791,-7.863942233978433,0.2995892729569452,26.249078134077855,-1.636613559684405
key,0.75,0.6,0.8333333333333334,0.5862068965517241,Korean,nouns,household,-1.3144011492986123,0.7562532305065841,-7.85672258784611,0.29989037123631623,26.19864904450348,-1.3144011492986123
knee,0.3,0.3333333333333333,0.2,0.8275862068965517,Korean,nouns,body_parts,-0.5424828796416631,0.8648017748984381,-8.071057576131107,0.299594174740474,26.939968319219588,-0.5424828796416631
knife,0.4,0.5384615384615384,0.6,0.6896551724137931,Korean,nouns,household,-0.4399711543669233,0.7661212799967533,-7.776403686300395,0.29997521846992076,25.923487033246897,-0.4399711543669233
ladder,0.75,0.4545454545454546,0.8,0.6551724137931034,Korean,nouns,outside,-0.0351103209294904,0.8648017748984381,-9.337806585893109,0.29978059447289085,31.148802684549764,-0.0351103209294904
leg,0.75,0.35294117647058826,0.7142857142857143,0.8275862068965517,Korean,nouns,body_parts,0.6633679798554457,0.6970449335655733,-6.959897621580619,0.30001718634288466,23.19832975710354,0.6633679798554457
lion,0.3333333333333333,0.125,0.25,0.6896551724137931,Korean,nouns,animals,0.980071465192561,0.825329576937764,-6.91513131181867,0.29990945348630904,23.057396929084625,0.980071465192561
lip,0.4444444444444444,0.5454545454545454,0.6666666666666666,0.5172413793103449,Korean,nouns,body_parts,-1.4551529404889745,0.825329576937764,-8.429331151029977,0.29954936107386243,28.14004049553451,-1.4551529404889745
microwave,0.4,0.125,0.4,0.6896551724137931,Korean,nouns,furniture_rooms,-1.8923679379548188,0.2135105085473155,-9.54929624145143,0.29949258342816665,31.884917256195862,-1.8923679379548188
monkey,0.18181818181818185,0.06666666666666667,0.6,0.7586206896551724,Korean,nouns,animals,1.0371647964322828,0.7661212799967533,-7.547268768836819,0.2998269889566379,25.172079388518068,1.0371647964322828
motorcycle,0.5384615384615384,0.5,0.8,0.6428571428571429,Korean,nouns,vehicles,0.1252524148456194,0.8351976264279324,-7.753012773145235,0.29974492315709755,25.86536809860112,0.1252524148456194
mouse,0.5,0.4,0.9,0.7241379310344828,Korean,nouns,animals,-0.20560078694684175,0.6970449335655733,-7.923505976607359,0.299827666890055,26.42686733613833,-0.20560078694684175
mouth,0.6666666666666666,0.4166666666666667,0.8333333333333334,0.7241379310344828,Korean,nouns,body_parts,0.5814869811377191,0.6082324881540567,-6.183682694068762,0.3000039312432633,20.61200554420274,0.5814869811377191
nail (object),0.4444444444444444,0.3333333333333333,0.8,0.6206896551724138,Korean,nouns,household,1.2224047433429484,0.7957254284672582,-10.196538585843372,0.2997304025850395,34.0190334310528,1.2224047433429484
neck,0.5555555555555556,0.5833333333333334,0.75,0.8620689655172413,Korean,nouns,body_parts,-0.10526788217581844,0.8648017748984381,-7.340219523262723,0.3000005727807247,24.467351696117625,-0.10526788217581844
necklace,0.5,0.3,0.7777777777777778,0.6206896551724138,Korean,nouns,clothing,-1.4551529404889745,0.825329576937764,-7.948492685972892,0.29974404256834414,26.51760020938721,-1.4551529404889745
noodles,0.6666666666666666,0.14285714285714285,0.25,0.4827586206896552,Korean,nouns,food_drink,-0.6214317735623528,0.825329576937764,-7.876950641210856,0.2999784020732286,26.25839256016835,-0.6214317735623528
nut,0.3333333333333333,0.09090909090909093,0.125,0.4827586206896552,Korean,nouns,food_drink,0.09896661528938304,0.39113539937034864,-8.332203763044577,0.29979081110874856,27.7933927735433,0.09896661528938304
orange (food),0.3333333333333333,0.13333333333333333,0.14285714285714285,0.4482758620689655,Korean,nouns,food_drink,-0.20560078694684175,0.5292880922327086,-7.7368998243588285,0.29996858348808775,25.79236710189043,-0.20560078694684175
pajamas,0.18181818181818185,0.09090909090909093,0.2222222222222222,0.6551724137931034,Korean,nouns,clothing,-1.0179379430231297,0.5983644386638884,-9.399040919859363,0.29975970476539376,31.35525145788191,-1.0179379430231297
pants,0.3636363636363637,0.3,0.8,0.6551724137931034,Korean,nouns,clothing,0.28377349118499595,0.7266490820360791,-6.547438573756168,0.3000460018020801,21.821449159236145,0.28377349118499595
pasta,0.5,0.4,0.25,0.3448275862068966,Korean,nouns,food_drink,-1.4551529404889745,0.7266490820360791,-8.170138506020805,0.29941936048985807,27.28660729437883,-1.4551529404889745
peach,0.4,0.25,0.2222222222222222,0.4482758620689655,Korean,nouns,food_drink,-0.817067549044895,0.7661212799967533,-8.80593759153054,0.29968291639570904,29.38418278038563,-0.817067549044895
pencil,0.5,0.07692307692307693,0.5,0.41379310344827586,Korean,nouns,toys,-0.05193179536876716,0.7463851810164157,-7.575824715831818,0.2997930534016929,25.27018097941371,-0.05193179536876716
penis,0.3333333333333333,0.3333333333333333,0.5,0.8275862068965517,Korean,nouns,body_parts,-0.2506748082118866,0.8648017748984381,-7.588441489616288,0.2997292377899942,25.31765517961628,-0.2506748082118866
piano,0.7272727272727273,0.5,0.6666666666666666,0.7586206896551724,Korean,nouns,furniture_rooms,0.17474979160574464,0.7661212799967533,-7.668045809344099,0.29992604623116603,25.566455150193935,0.17474979160574464
pigeon,0.5,0.25,0.5,0.6896551724137931,Korean,nouns,animals,-0.9436441839481464,0.578628339683551,-5.764952660981649,0.20020442979815933,28.79533018721772,-0.9436441839481464
pillow,0.125,0.07692307692307693,0.4444444444444444,0.6551724137931034,Korean,nouns,furniture_rooms,-0.6649502628216771,0.8648017748984381,-6.825465199358028,0.2999958824316653,22.751862939028072,-0.6649502628216771
pizza,0.4,0.3333333333333333,0.3333333333333333,0.4827586206896552,Korean,nouns,food_drink,-0.6649502628216771,0.8648017748984381,-7.799172448443312,0.3000428631598853,25.9935276123776,-0.6649502628216771
plate,0.6666666666666666,0.9090909090909092,0.5714285714285714,0.6896551724137931,Korean,nouns,household,-1.0179379430231297,0.6378366366245617,-8.595440478675458,0.29973182773045115,28.677102941517905,-1.0179379430231297
pumpkin,0.18181818181818185,0.07692307692307693,0.25,0.4827586206896552,Korean,nouns,food_drink,-0.580722945557285,0.7661212799967533,-8.406267814905394,0.29941973474782946,28.07519625246189,-0.580722945557285
rag,0.08333333333333333,0.2222222222222222,0.4,0.5172413793103449,Korean,nouns,household,-0.9436441839481464,0.5391561417228768,-8.196585993548013,0.29968567686698117,27.350609742974665,-0.9436441839481464
refrigerator,0.3,0.3076923076923077,0.2857142857142857,0.6896551724137931,Korean,nouns,furniture_rooms,-0.4399711543669233,0.8648017748984381,-7.259684937000125,0.3000271432010141,24.196760531550424,-0.4399711543669233
rice,0.5,0.06666666666666667,0.42857142857142855,0.4482758620689655,Korean,nouns,food_drink,1.0187019786035638,0.7266490820360791,-4.300158847843809,0.15040987609969442,28.58960434881008,1.0187019786035638
roof,0.375,0.25,1,0.7241379310344828,Korean,nouns,outside,-0.2992193631765605,0.6575727356048992,-9.932041523761097,0.2997247135584119,33.13721249691174,-0.2992193631765605
room,0.6666666666666666,0.21428571428571427,0.6666666666666666,0.6551724137931034,Korean,nouns,furniture_rooms,-0.2992193631765605,0.6575727356048992,-7.078856178975695,0.29998192546596675,23.59760898254118,-0.2992193631765605
scarf,0.2,0.4444444444444444,0.2857142857142857,0.6206896551724138,Korean,nouns,clothing,-0.472325318395335,0.8351976264279324,-8.417081080465069,0.2996714961355874,28.08769332087804,-0.472325318395335
seesaw,0.2222222222222222,0.2222222222222222,0.6,0.6896551724137931,Korean,nouns,outside,-0.18421677609650824,0.7858573789770898,-7.958750612997444,0.29993448681235585,26.534963343433645,-0.18421677609650824
sheep,0.25,0.07142857142857142,0.5,0.6896551724137931,Korean,nouns,animals,0.04286139555541558,0.7661212799967533,-4.693424724383574,0.18108180965448015,25.918808373624252,0.04286139555541558
shoe,0.6,0.625,1,0.6206896551724138,Korean,nouns,clothing,0.623755186719802,0.8351976264279324,-6.154318779860206,0.2999678271630317,20.516596189881888,0.623755186719802
shoulder,0.3,0.3076923076923077,0.6666666666666666,0.8620689655172413,Korean,nouns,body_parts,-1.0179379430231297,0.7957254284672582,-8.304174009933485,0.29952180952932556,27.724772439719253,-1.0179379430231297
skirt,0.125,0.4,0.8333333333333334,0.6551724137931034,Korean,nouns,clothing,-0.2992193631765605,0.687176884075405,-8.408527711845828,0.29950202970904227,28.075027471481494,-0.2992193631765605
sled,0.4166666666666667,0.7,0.8888888888888888,0.6785714285714286,Korean,nouns,vehicles,-0.7116951934310956,0.8648017748984381,-9.732285527537048,0.299644008224391,32.47949319997395,-0.7116951934310956
slide (object),0.75,0.7777777777777778,0.5,0.7241379310344828,Korean,nouns,outside,0.6578590548067682,0.3516632014096754,-7.332340893711969,0.2997876152330268,24.458451654223584,0.6578590548067682
snake,0.6,0.2,1,0.6551724137931034,Korean,nouns,animals,-0.06921418901645653,0.8648017748984381,-7.584869450453319,0.299787479561992,25.300821306931436,-0.06921418901645653
sneaker,0.5,0.2727272727272727,0.6666666666666666,0.6206896551724138,Korean,nouns,clothing,-1.0179379430231297,0.5588922407032143,-8.2705216121789,0.29970736790625013,27.595322964385577,-1.0179379430231297
snowman,0.4,0.2222222222222222,0.2857142857142857,0.41379310344827586,Korean,nouns,outside,-0.5064291864823017,0.509551993252371,-8.069040950952848,0.2999494647725482,26.90133472007228,-0.5064291864823017
soap,0.06666666666666667,0.18181818181818185,0.25,0.4482758620689655,Korean,nouns,household,-0.7116951934310956,0.7957254284672582,-7.105136704554613,0.3000507642816748,23.67978205809406,-0.7116951934310956
sock,0.375,0.3333333333333333,0.8,0.6896551724137931,Korean,nouns,clothing,0.3131168241572082,0.7759893294869216,-6.234920448787451,0.2998927334265866,20.79050191562495,0.3131168241572082
spaghetti,0.2222222222222222,0.5,0.16666666666666666,0.3448275862068966,Korean,nouns,food_drink,-1.4551529404889745,0.8648017748984381,-10.068207708769236,0.2997746400049508,33.585922106696415,-1.4551529404889745
sparrow,0.2727272727272727,0.25,0.6,0.7241379310344828,Korean,nouns,animals,-0.22773526535583255,0.71678103254591,-4.977554634719003,0.17482764637647502,28.471210005311768,-0.22773526535583255
spoon,0.7777777777777778,0.75,0.875,0.6206896551724138,Korean,nouns,household,-1.1993985622185603,0.825329576937764,-7.024524449350393,0.29991797053719615,23.421485670793455,-1.1993985622185603
squirrel,0.625,0.2727272727272727,0.42857142857142855,0.6896551724137931,Korean,nouns,animals,0.5226161886650829,0.7562532305065841,-8.081954448898449,0.29971439627610785,26.96551967244529,0.5226161886650829
stairs,0.4,0.9,0.7777777777777778,0.6551724137931034,Korean,nouns,furniture_rooms,-0.8771861518327679,0.8648017748984381,-7.71227402639468,0.2998022980709174,25.72453272046088,-0.8771861518327679
strawberry,0.2,0.2727272727272727,0.3,0.5172413793103449,Korean,nouns,food_drink,0.9281983119565806,0.8648017748984381,-6.237385093354758,0.3000097199527538,20.79061003202508,0.9281983119565806
street,0.09090909090909093,0.08333333333333333,0.75,0.6896551724137931,Korean,nouns,outside,0.28377349118499595,0.6181005376442251,-9.071422130689148,0.2997593476763238,30.262349451348385,0.28377349118499595
stroller,0.6666666666666666,0.3333333333333333,0.6666666666666666,0.6785714285714286,Korean,nouns,vehicles,-0.9436441839481464,0.825329576937764,-7.504022749134549,0.2993468413360471,25.06798707359843,-0.9436441839481464
sun,0.2222222222222222,0.26666666666666666,0.6666666666666666,0.3793103448275862,Korean,nouns,outside,2.5681536038274477,0.6970449335655733,-7.732664243707948,0.2999423065756168,25.78050536448251,2.5681536038274477
sweet potato,0.25,0.3333333333333333,0.5,0.4827586206896552,Korean,nouns,food_drink,-0.6214317735623528,0.8648017748984381,-7.703229487403822,0.2999074961971284,25.685351600349826,-0.6214317735623528
swing (object),0.625,0.25,0.5,0.7586206896551724,Korean,nouns,outside,0.08540119119923828,0.41087149835068615,-7.418182291656599,0.29978435028217587,24.745061857545732,0.08540119119923828
tangerine,0.14285714285714285,0.25,0.5,0.5172413793103449,Korean,nouns,food_drink,0.1252524148456194,0.6773088345852358,-6.428877453975426,0.29997562778113723,21.431332610347756,0.1252524148456194
taxi,0.3636363636363637,0.25,0.6666666666666666,0.5357142857142857,Korean,nouns,vehicles,0.09896661528938304,0.7957254284672582,-7.6544193536975875,0.29995081171179977,25.518915284857258,0.09896661528938304
telephone,0.375,0.25,0.6666666666666666,0.7241379310344828,Korean,nouns,household,0.822498199562922,0.825329576937764,-6.885692894479404,0.2998549445333118,22.963412876836692,0.822498199562922
tiger,0.4444444444444444,0.1176470588235294,0.16666666666666666,0.6896551724137931,Korean,nouns,animals,0.6119647890715892,0.8648017748984381,-6.869487258092986,0.29991663245267075,22.904655876919552,0.6119647890715892
tongue,0.2222222222222222,0.375,0.625,0.5862068965517241,Korean,nouns,body_parts,-1.636613559684405,0.7957254284672582,-8.85345780693466,0.29949897576242573,29.56089510622423,-1.636613559684405
tooth,0.3,0.13333333333333333,0.5,0.5517241379310345,Korean,nouns,body_parts,2.4308061452926486,0.7562532305065841,-6.936649362747551,0.2999259241825528,23.127875263378343,2.4308061452926486
toothbrush,0.5555555555555556,0.3333333333333333,0.6666666666666666,0.6896551724137931,Korean,nouns,household,-0.7621835647527156,0.8648017748984381,-6.864952342067376,0.2998724660064114,22.892906552883055,-0.7621835647527156
toy (object),0.2222222222222222,0.2,0.3333333333333333,0.4827586206896552,Korean,nouns,toys,0.7874465207662183,0.7957254284672582,-7.622248486345529,0.2997421122792864,25.429354682212477,0.7874465207662183
train,0.3333333333333333,0.375,0.25,0.6428571428571429,Korean,nouns,vehicles,0.6059859015707882,0.6575727356048992,-6.798273972111005,0.30004110156635194,22.65780900223637,0.6059859015707882
tray,0.4615384615384616,0.5454545454545454,0.6,0.6551724137931034,Korean,nouns,household,0.38528320209707745,0.6082324881540567,-9.739581367123147,0.2997268830554751,32.49485420805745,0.38528320209707745
tree,0.3,0.3333333333333333,0.4,0.5862068965517241,Korean,nouns,outside,0.8986833181019245,0.8648017748984381,-6.818954557721948,0.3000197516780179,22.728352115430287,0.8986833181019245
truck,0.375,0.5384615384615384,0.8333333333333334,0.6071428571428571,Korean,nouns,vehicles,0.08540119119923828,0.7069129830557417,-5.2686288405489385,0.19512675808338417,27.00105763197007,0.08540119119923828
tummy,0.2222222222222222,0.4705882352941176,0.5,0.6428571428571429,Korean,nouns,body_parts,1.0218168881863003,0.5490241912130451,-6.422910018129101,0.30002813623244906,21.40769228774232,1.0218168881863003
tummy,0.2222222222222222,0.4705882352941176,0.5,0.8275862068965517,Korean,nouns,body_parts,1.0218168881863003,0.5490241912130451,-6.422910018129101,0.30002813623244906,21.40769228774232,1.0218168881863003
turtle,0.4166666666666667,0.3333333333333333,1,0.6206896551724138,Korean,nouns,animals,0.19811423707715595,0.8648017748984381,-7.566210347681149,0.2998123644073107,25.23648536856892,0.19811423707715595
umbrella,0.7777777777777778,0.6153846153846154,0.4,0.6206896551724138,Korean,nouns,household,0.4500341481674065,0.8648017748984381,-7.267475778056816,0.30005780961969014,24.22025204832368,0.4500341481674065
underpants,0.125,0.3125,0.3333333333333333,0.6206896551724138,Korean,nouns,clothing,-0.5064291864823017,0.7562532305065841,-7.40956637862931,0.3000913097028001,24.691039490505354,-0.5064291864823017
vacuum,0.125,0.18181818181818185,0.4,0.6896551724137931,Korean,nouns,household,-0.9436441839481464,0.09509391466529311,-7.83625898880574,0.29970223665897816,26.14681517282894,-0.9436441839481464
waist,0.5555555555555556,0.25,0.75,0.8620689655172413,Korean,nouns,body_parts,-1.636613559684405,0.5884963891737193,-9.095608881994032,0.2997240533996398,30.346609752625753,-1.636613559684405
wallet,0.1111111111111111,0.25,0.5,0.6896551724137931,Korean,nouns,household,-1.3144011492986123,0.6773088345852358,-8.299684087124973,0.29978360683634575,27.68558352710673,-1.3144011492986123
washing machine,0.375,0.2222222222222222,0.5,0.6896551724137931,Korean,nouns,furniture_rooms,-1.3144011492986123,0.7562532305065841,-8.10101692458055,0.2998523543310782,27.01668607089179,-1.3144011492986123
watermelon,0.3,0.375,0.25,0.5517241379310345,Korean,nouns,food_drink,0.35023152330037377,0.7562532305065841,-7.14712845917364,0.30003825396652994,23.820724073307403,0.35023152330037377
window,0.42857142857142855,0.4444444444444444,0.7142857142857143,0.3620689655172414,Korean,nouns,furniture_rooms,-0.22773526535583255,0.7266490820360791,-7.994021625684876,0.299870529808514,26.658243578618936,-0.22773526535583255
