Submission id,Participant id,Status,Age,Sex
SESS0227,P1013,APPROVED,50,Male
SESS0228,P0254,APPROVED,53,Female
SESS0229,P0047,APPROVED,44,Male
SESS0230,P0769,APPROVED,53,Female
SESS0231,P0131,APPROVED,29,Female
SESS0232,P0388,APPROVED,44,Male
SESS0233,P0505,APPROVED,27,Male
SESS0235,P0929,APPROVED,50,Female
SESS0237,P0801,APPROVED,42,Male
SESS0238,P0430,APPROVED,50,Female
SESS0239,P0804,APPROVED,29,Male
SESS0240,P0199,APPROVED,36,Male
SESS0241,P0590,APPROVED,22,Female
SESS0242,P0905,APPROVED,68,Male
SESS0243,P1028,APPROVED,26,Female
SESS0244,P0574,APPROVED,66,Female
SESS0245,P0796,APPROVED,22,Male
SESS0246,P0676,APPROVED,42,Female
SESS0247,P0278,APPROVED,48,Female
SESS0248,P0450,APPROVED,52,Female
SESS0249,P0439,APPROVED,47,Male
SESS0254,P0059,APPROVED,73,Female
SESS0256,P0873,APPROVED,28,Female
SESS0257,P0587,APPROVED,35,Female
SESS0259,P0563,APPROVED,21,Female
SESS0260,P0393,APPROVED,52,Female
SESS0261,P0601,APPROVED,28,Female
SESS0262,P0482,APPROVED,33,Female
SESS0263,P0205,APPROVED,30,Male
SESS0264,P0351,APPROVED,65,Female
SESS0265,P1023,APPROVED,18,Male
SESS0266,P0416,APPROVED,79,Male
SESS0268,P0263,APPROVED,42,Male
SESS0269,P0234,APPROVED,39,Male
SESS0270,P1011,APPROVED,18,Male
SESS0271,P0008,APPROVED,48,Female
SESS0272,P0792,APPROVED,19,Male
SESS0273,P0993,APPROVED,32,Female
SESS0275,P0152,APPROVED,62,Female
SESS0276,P0401,APPROVED,37,Female
SESS0277,P1004,APPROVED,30,Male
SESS0278,P0435,APPROVED,57,Female
SESS0279,P0652,APPROVED,33,Female
SESS0280,P0414,APPROVED,79,Male
SESS0281,P0527,APPROVED,24,Female
SESS0282,P0028,APPROVED,48,Female
SESS0283,P0250,APPROVED,30,Female
SESS0285,P1021,APPROVED,18,Female
SESS0286,P0966,APPROVED,35,Female
SESS0287,P1025,APPROVED,28,Male
SESS0288,P0103,APPROVED,57,Female
SESS0289,P0808,APPROVED,27,Male
SESS0290,P0100,APPROVED,43,Female
SESS0292,P0221,APPROVED,70,Female
SESS0293,P0232,APPROVED,34,Female
SESS0294,P0507,APPROVED,54,Female
SESS0295,P0060,APPROVED,72,Female
SESS0296,P0120,APPROVED,60,Female
SESS0297,P0179,APPROVED,26,Male
SESS0298,P0360,APPROVED,50,Female
SESS0300,P1022,APPROVED,32,Male
SESS0302,P0190,APPROVED,62,Female
SESS0303,P0722,APPROVED,25,Female
SESS0304,P0842,APPROVED,29,Male
SESS0305,P0245,APPROVED,26,Female
SESS0306,P0129,APPROVED,71,Male
SESS0307,P0048,APPROVED,40,Male
SESS0308,P1016,APPROVED,38,Female
SESS0309,P0827,APPROVED,36,Female
SESS0310,P0111,APPROVED,43,Female
SESS0311,P0201,APPROVED,23,Male
SESS0314,P0286,APPROVED,58,Female
SESS0315,P0954,APPROVED,36,Male
SESS0316,P0225,APPROVED,30,Female
SESS0317,P0633,APPROVED,22,Male
SESS0318,P0600,APPROVED,55,Female
SESS0320,P0909,APPROVED,43,Female
SESS0321,P0579,APPROVED,27,Male
SESS0322,P0970,APPROVED,58,Female
SESS0324,P0581,APPROVED,30,Female
SESS0325,P0160,APPROVED,38,Female
SESS0326,P0124,APPROVED,45,Male
SESS0327,P0660,APPROVED,24,Female
SESS0329,P0153,APPROVED,50,Female
SESS0330,P0572,APPROVED,27,Female
SESS0331,P0963,APPROVED,38,Female
SESS0332,P0409,APPROVED,26,Female
SESS0333,P0229,APPROVED,40,Female
SESS0334,P0799,APPROVED,53,Female
SESS0335,P0732,APPROVED,41,Female
SESS0336,P0471,APPROVED,34,Female
SESS0337,P0032,APPROVED,27,Male
SESS0339,P0055,APPROVED,44,Male
SESS0340,P0166,APPROVED,32,Female
SESS0341,P0274,APPROVED,76,Male
SESS0342,P0553,APPROVED,34,Male
SESS0343,P0123,APPROVED,31,Male
SESS0344,P0781,APPROVED,19,Male
SESS0345,P0762,APPROVED,31,Male
SESS0346,P0848,APPROVED,26,Male
SESS0347,P0816,APPROVED,37,Female
SESS0348,P0042,APPROVED,40,Female
SESS0350,P0694,APPROVED,53,Female
SESS0351,P1020,APPROVED,44,Male
SESS0352,P0209,APPROVED,46,Female
SESS0353,P0638,APPROVED,28,Female
SESS0354,P0935,APPROVED,31,Female
SESS0356,P0176,APPROVED,43,Male
SESS0357,P0658,APPROVED,39,Female
SESS0358,P0911,APPROVED,29,Male
SESS0360,P0547,APPROVED,33,Female
SESS0361,P0446,APPROVED,54,Female
SESS0362,P0183,APPROVED,40,Female
SESS0363,P0583,APPROVED,23,Female
SESS0365,P0462,APPROVED,70,Female
SESS0366,P0084,APPROVED,42,Male
SESS0367,P0425,APPROVED,23,Male
SESS0368,P0478,APPROVED,52,Female
SESS0370,P0320,APPROVED,37,Female
SESS0371,P0476,APPROVED,79,Male
SESS0373,P0470,APPROVED,49,Male
SESS0374,P0142,APPROVED,49,Female
SESS0375,P0397,APPROVED,31,Female
SESS0376,P0988,APPROVED,38,Male
SESS0377,P0724,APPROVED,63,Male
SESS0378,P0690,APPROVED,26,Male
SESS0379,P0667,APPROVED,41,Male
SESS0381,P0961,APPROVED,21,Male
SESS0382,P0096,APPROVED,42,Female
SESS0383,P0653,APPROVED,33,Female
SESS0385,P0776,APPROVED,53,Male
SESS0386,P0887,APPROVED,44,Female
SESS0387,P0037,APPROVED,30,Female
SESS0226,P0879,APPROVED,61,Male
SESS0234,P1027,RETURNED,CONSENT_REVOKED,CONSENT_REVOKED
SESS0236,P0137,RETURNED,CONSENT_REVOKED,CONSENT_REVOKED
SESS0250,P1026,RETURNED,CONSENT_REVOKED,CONSENT_REVOKED
SESS0251,P0155,RETURNED,CONSENT_REVOKED,CONSENT_REVOKED
SESS0252,P0510,RETURNED,CONSENT_REVOKED,CONSENT_REVOKED
SESS0253,P0433,RETURNED,CONSENT_REVOKED,CONSENT_REVOKED
SESS0255,P0363,TIMED-OUT,41,Female
SESS0258,P0431,RETURNED,CONSENT_REVOKED,CONSENT_REVOKED
SESS0267,P1017,RETURNED,CONSENT_REVOKED,CONSENT_REVOKED
SESS0274,P0663,RETURNED,CONSENT_REVOKED,CONSENT_REVOKED
SESS0284,P0599,RETURNED,CONSENT_REVOKED,CONSENT_REVOKED
SESS0291,P0582,RETURNED,CONSENT_REVOKED,CONSENT_REVOKED
SESS0299,P0054,RETURNED,CONSENT_REVOKED,CONSENT_REVOKED
SESS0301,P0659,RETURNED,CONSENT_REVOKED,CONSENT_REVOKED
SESS0312,P0173,RETURNED,CONSENT_REVOKED,CONSENT_REVOKED
SESS0313,P0815,RETURNED,CONSENT_REVOKED,CONSENT_REVOKED
SESS0319,P0365,RETURNED,CONSENT_REVOKED,CONSENT_REVOKED
SESS0323,P0886,RETURNED,CONSENT_REVOKED,CONSENT_REVOKED
SESS0328,P1006,RETURNED,CONSENT_REVOKED,CONSENT_REVOKED
SESS0338,P0067,RETURNED,CONSENT_REVOKED,CONSENT_REVOKED
SESS0349,P0459,TIMED-OUT,47,Female
SESS0355,P0107,RETURNED,CONSENT_REVOKED,CONSENT_REVOKED
SESS0359,P0156,RETURNED,CONSENT_REVOKED,CONSENT_REVOKED
SESS0364,P0522,RETURNED,CONSENT_REVOKED,CONSENT_REVOKED
SESS0369,P0461,RETURNED,CONSENT_REVOKED,CONSENT_REVOKED
SESS0372,P0326,TIMED-OUT,26,Female
SESS0380,P0811,RETURNED,CONSENT_REVOKED,CONSENT_REVOKED
SESS0384,P0725,RETURNED,CONSENT_REVOKED,CONSENT_REVOKED
